category,sentiment,count
,Negative,1301
,Neutral,662
,Positive,1289
$20-$30 boots,Negative,5
$20-$30 boots,Neutral,2
$20-$30 boots,Positive,1
$24.99 dresses,Negative,1
$24.99 dresses,Positive,1
$25 and under,Negative,15
$25 and under,Neutral,6
$25 and under,Positive,11
$30 & under,Negative,7
$30 & under,Neutral,3
$30 & under,Positive,4
$30-$50 handbags & wallets,Negative,2
$30-$50 handbags & wallets,Neutral,1
$30-$50 handbags & wallets,Positive,1
$40-$50 boots,Negative,2
$50 and over boots,Negative,8
$50 and over boots,Neutral,6
$50 and over boots,Positive,10
$50 and under,Negative,13
$50 and under,Neutral,6
$50 and under,Positive,10
$9.99 select items,Negative,4
$9.99 select items,Neutral,1
$9.99 select items,Positive,3
2-day deals,Negative,12
2-day deals,Neutral,8
2-day deals,Positive,11
3-stone rings,Neutral,1
ENERGY STAR certified,Negative,37
ENERGY STAR certified,Neutral,17
ENERGY STAR certified,Positive,57
EXPLORE THE CATALOG,Negative,17
EXPLORE THE CATALOG,Neutral,8
EXPLORE THE CATALOG,Positive,15
HIDDEN CATEGORIES,Negative,59
HIDDEN CATEGORIES,Neutral,26
HIDDEN CATEGORIES,Positive,50
My Little Pony,Positive,1
"Stafford belts, suspenders, & wallets",Negative,4
"Stafford belts, suspenders, & wallets",Positive,4
"Stafford pajamas, robes, & slippers",Negative,8
"Stafford pajamas, robes, & slippers",Neutral,4
"Stafford pajamas, robes, & slippers",Positive,9
Stafford pants,Negative,12
Stafford pants,Neutral,5
Stafford pants,Positive,7
Stafford shirts,Negative,1
Stafford shirts,Positive,4
Stafford socks & underwear,Negative,4
Stafford socks & underwear,Neutral,2
Stafford socks & underwear,Positive,2
Stafford suits & sportcoats,Negative,12
Stafford suits & sportcoats,Neutral,6
Stafford suits & sportcoats,Positive,20
Stafford ties & accessories,Negative,4
Stafford ties & accessories,Positive,5
Star Wars,Negative,2
Star Wars,Positive,4
a.n.a,Negative,41
a.n.a,Neutral,16
a.n.a,Positive,49
a.n.a.,Negative,13
a.n.a.,Neutral,9
a.n.a.,Positive,6
accent furniture,Negative,10
accent furniture,Neutral,3
accent furniture,Positive,3
accent pillows,Negative,2
accent pillows,Positive,1
accessories,Negative,15
accessories,Neutral,7
accessories,Positive,10
active,Negative,24
active,Neutral,12
active,Positive,21
active jackets,Negative,5
active jackets,Neutral,1
active jackets,Positive,8
activewear,Negative,75
activewear,Neutral,32
activewear,Positive,67
add your items,Negative,5
add your items,Neutral,1
adidas,Neutral,2
adidas,Positive,1
adidas climacool apparel,Negative,5
adidas climacool apparel,Neutral,4
adidas climacool apparel,Positive,9
adidas joggers,Negative,5
adidas joggers,Neutral,1
adidas joggers,Positive,2
akademiks,Negative,1
akademiks,Neutral,1
alfred dunner,Negative,20
alfred dunner,Neutral,15
alfred dunner,Positive,24
all athletic shoes,Negative,11
all athletic shoes,Neutral,3
all athletic shoes,Positive,6
all boots,Negative,3
all boots,Neutral,1
all boots,Positive,3
all brands,Negative,134
all brands,Neutral,37
all brands,Positive,101
all christmas decor,Negative,1
all comfort shoes,Negative,12
all comfort shoes,Neutral,5
all comfort shoes,Positive,20
all dress shoes,Negative,14
all dress shoes,Neutral,7
all dress shoes,Positive,6
all extended sizes,Negative,29
all extended sizes,Neutral,14
all extended sizes,Positive,22
all fashion jewelry,Negative,1
all fashion jewelry,Positive,1
all fine jewelry,Negative,1
all fine jewelry,Positive,1
all guys pants,Negative,10
all guys pants,Neutral,4
all guys pants,Positive,10
all juniors shoes,Negative,12
all juniors shoes,Neutral,9
all juniors shoes,Positive,8
all kids shoes,Negative,1
all kids shoes,Neutral,1
all kids shoes,Positive,2
all men's shoes,Negative,10
all men's shoes,Neutral,9
all men's shoes,Positive,11
all modern bride,Negative,1
all modern bride,Neutral,4
all modern bride,Positive,5
all sandals & flip flops,Negative,14
all sandals & flip flops,Neutral,7
all sandals & flip flops,Positive,14
all sneakers,Negative,19
all sneakers,Neutral,9
all sneakers,Positive,16
all watches,Negative,2
all watches,Neutral,2
all watches,Positive,3
all women's shoes,Negative,4
all women's shoes,Neutral,6
all women's shoes,Positive,4
all work shoes,Neutral,1
all work shoes,Positive,2
alyx,Negative,3
alyx,Neutral,2
ambrielle,Negative,6
ambrielle,Positive,5
animals & critters,Negative,1
ankle boots & booties,Negative,7
ankle boots & booties,Neutral,5
ankle boots & booties,Positive,6
"ankle, crops & capris",Negative,9
"ankle, crops & capris",Neutral,9
"ankle, crops & capris",Positive,14
appliance packages,Neutral,1
appliance packages,Positive,2
aprons & kitchen towels,Negative,1
aprons & kitchen towels,Neutral,1
aprons & kitchen towels,Positive,4
area rugs,Negative,8
area rugs,Neutral,4
area rugs,Positive,9
aris by treska,Negative,1
aris by treska,Positive,2
arizona,Negative,57
arizona,Neutral,33
arizona,Positive,55
armitron,Negative,1
arts & crafts,Positive,2
assets red hot label by spanx,Negative,7
assets red hot label by spanx,Neutral,3
assets red hot label by spanx,Positive,6
athleisure,Negative,3
athleisure,Neutral,2
athleisure,Positive,3
athletic,Negative,9
athletic,Neutral,3
athletic,Positive,10
athletic clothes,Negative,3
athletic clothes,Neutral,1
athletic clothes,Positive,1
athletic jogger pants,Negative,6
athletic jogger pants,Neutral,1
athletic jogger pants,Positive,1
athletic sandals,Negative,3
athletic sandals,Positive,6
athletic shirts,Negative,8
athletic shirts,Neutral,2
athletic shirts,Positive,11
athletic shoes,Negative,36
athletic shoes,Neutral,23
athletic shoes,Positive,63
athletic shorts,Negative,2
athletic shorts,Neutral,1
azul,Negative,24
azul,Neutral,14
azul,Positive,20
baby,Positive,1
baby & toddler clothing,Neutral,1
baby & toddler clothing,Positive,1
baby bedding,Negative,1
baby boy clothes 0-24 months,Negative,2
baby boy clothes 0-24 months,Neutral,1
baby boy clothes 0-24 months,Positive,5
baby essentials,Negative,8
baby essentials,Neutral,6
baby essentials,Positive,16
baby furniture,Negative,13
baby furniture,Neutral,6
baby furniture,Positive,9
baby gifts,Negative,4
baby gifts,Neutral,1
baby gifts,Positive,7
baby girl 0-24 months,Negative,1
baby girl clothes 0-24 months,Negative,1
baby girl clothes 0-24 months,Neutral,2
baby girl clothes 0-24 months,Positive,1
baby monitors,Negative,1
baby monitors,Positive,1
baby shower,Neutral,2
baby's coats & jackets,Neutral,1
baby's coats & jackets,Positive,1
baby's shorts,Negative,3
baby's shorts,Neutral,2
baby's shorts,Positive,5
baby's sleepwear,Negative,1
baby's swimwear,Neutral,1
backpacks,Negative,1
backpacks,Neutral,2
backpacks,Positive,6
backpacks & bags,Negative,5
backpacks & bags,Neutral,2
backpacks & bags,Positive,3
bags and backpacks,Negative,2
bags and backpacks,Neutral,1
bakeware,Negative,3
bakeware,Positive,1
balconette bras,Neutral,3
balconette bras,Positive,5
bali,Negative,7
bali,Neutral,4
bali,Positive,2
ballet flats,Negative,3
ballet flats,Positive,3
bar stools,Negative,1
bar stools,Neutral,1
barware + stemware,Negative,1
basic t-shirts,Negative,1
basic t-shirts,Neutral,1
basketball,Negative,4
basketball,Neutral,2
basketball,Positive,5
bath furniture,Negative,1
bath furniture,Neutral,1
bath furniture,Positive,2
bath rugs & bath mats,Negative,11
bath rugs & bath mats,Neutral,8
bath rugs & bath mats,Positive,15
bath rugs & mats,Negative,8
bath rugs & mats,Neutral,2
bath rugs & mats,Positive,6
bath storage,Neutral,1
bath storage,Positive,2
bath towels,Negative,3
bath towels,Neutral,1
bath towels,Positive,5
bath towels & decor,Negative,10
bath towels & decor,Neutral,1
bath towels & decor,Positive,10
bath towels sizes & care tips,Positive,2
bathroom accessories,Negative,30
bathroom accessories,Neutral,9
bathroom accessories,Positive,33
batman vs. superman,Neutral,1
batman vs. superman,Positive,1
bb & cc creams,Negative,3
bb & cc creams,Neutral,1
bb & cc creams,Positive,4
beach towels,Neutral,1
beach towels,Positive,1
bean bag chairs,Negative,7
bean bag chairs,Neutral,8
bean bag chairs,Positive,9
bed & bath,Negative,88
bed & bath,Neutral,45
bed & bath,Positive,77
bed frames,Negative,2
bed frames,Neutral,2
bed frames,Positive,5
bed head,Negative,1
bed skirts,Negative,9
bed skirts,Neutral,3
bed skirts,Positive,8
bedding,Negative,10
bedding,Neutral,5
bedding,Positive,7
bedding sets,Negative,42
bedding sets,Neutral,18
bedding sets,Positive,38
bedroom curtains & decor,Negative,8
bedroom curtains & decor,Neutral,5
bedroom curtains & decor,Positive,3
bedroom sets,Negative,6
bedroom sets,Neutral,1
bedroom sets,Positive,4
beds,Negative,5
beds,Neutral,1
beds,Positive,11
beds & bedroom sets,Negative,1
beds & bedroom sets,Neutral,1
beds & bedroom sets,Positive,2
bedspreads,Negative,6
bedspreads,Positive,2
belle + sky,Negative,4
belle + sky,Positive,3
belts,Negative,5
belts,Neutral,1
belts,Positive,4
belts & accessories,Negative,4
belts & accessories,Neutral,4
belts & accessories,Positive,10
belts & suspenders,Negative,9
belts & suspenders,Neutral,2
belts & suspenders,Positive,2
benches,Negative,2
benches & ottomans,Neutral,2
bermuda,Negative,23
bermuda,Neutral,8
bermuda,Positive,16
big & tall,Negative,12
big & tall,Neutral,6
big & tall,Positive,13
big kid (6-20),Negative,11
big kid (6-20),Neutral,3
big kid (6-20),Positive,16
bijoux bar @ jcp,Negative,1
bijoux bar @ jcp,Positive,1
birthstone jewelry,Negative,13
birthstone jewelry,Neutral,14
birthstone jewelry,Positive,11
bisou bisou,Negative,12
bisou bisou,Neutral,10
bisou bisou,Positive,15
black label by evan picone,Negative,1
blackout curtains & shades,Negative,3
blackout curtains & shades,Neutral,3
blackout curtains & shades,Positive,3
blankets & throws,Negative,12
blankets & throws,Neutral,7
blankets & throws,Positive,10
blazers,Negative,3
blazers,Neutral,4
blazers,Positive,4
blenders & juicers,Negative,16
blenders & juicers,Neutral,8
blenders & juicers,Positive,11
blinds & shades,Negative,5
blinds & shades,Neutral,1
blinds & shades,Positive,2
blush,Negative,17
blush,Neutral,7
blush,Positive,25
boat shoes,Negative,7
boat shoes,Neutral,4
boat shoes,Positive,9
body lotions & body oils,Negative,14
body lotions & body oils,Neutral,3
body lotions & body oils,Positive,10
body wash & shower gel,Negative,3
body wash & shower gel,Neutral,4
body wash & shower gel,Positive,1
boho,Negative,1
boho,Positive,1
bomber jackets,Negative,3
bomber jackets,Neutral,2
bomber jackets,Positive,2
bonus pack socks,Negative,1
bonus pack socks,Positive,1
bootcut,Negative,8
bootcut,Neutral,9
bootcut,Positive,7
boots,Negative,70
boots,Neutral,29
boots,Positive,52
bottoms,Negative,17
bottoms,Neutral,8
bottoms,Positive,6
boutique+,Negative,1
boy's jeans,Negative,3
boy's jeans,Neutral,2
boy's jeans,Positive,6
boy's pants,Negative,8
boy's pants,Neutral,1
boy's pants,Positive,5
boy's shorts,Negative,5
boy's shorts,Neutral,2
boy's shorts,Positive,2
boyfriend,Negative,6
boyfriend,Neutral,3
boyfriend,Positive,7
boys,Negative,5
boys,Neutral,2
boys,Positive,6
boys 2t-5t,Negative,1
boys 2t-5t,Positive,1
boys 4-7,Negative,6
boys 4-7,Neutral,2
boys 4-7,Positive,9
boys 8-20,Negative,8
boys 8-20,Neutral,4
boys 8-20,Positive,10
boys athletic shoes,Negative,1
boys athletic shoes,Positive,2
boys casual shoes,Negative,1
boys casual shoes,Neutral,3
boys casual shoes,Positive,3
boys husky,Negative,49
boys husky,Neutral,21
boys husky,Positive,40
boys shoes,Negative,4
boys shoes,Neutral,2
boys shoes,Positive,6
boys slim,Negative,6
boys slim,Neutral,3
boys slim,Positive,8
boys sneakers,Neutral,1
boys uniform shoes,Neutral,1
boys uniform shoes,Positive,2
bracelets,Negative,5
braided,Neutral,1
braided,Positive,1
bras,Negative,29
bras,Neutral,8
bras,Positive,31
bras $10-$13,Negative,1
bras $10-$13,Positive,1
bras $30 & under,Negative,1
bras $30 & under,Neutral,1
bras $30 & under,Positive,1
bras & accessories,Negative,8
bras & accessories,Neutral,3
bras & accessories,Positive,7
bras & panties,Negative,8
bras & panties,Neutral,2
bras & panties,Positive,9
bras under $20,Negative,7
bras under $20,Positive,1
"bras, underwear & socks",Negative,1
breast cancer awareness ties,Negative,1
bridal lingerie,Negative,1
bridal lingerie,Neutral,2
bridal lingerie,Positive,5
bridesmaid dresses,Negative,4
bridesmaid dresses,Neutral,1
bridesmaid dresses,Positive,1
brushes & applicators,Negative,8
brushes & applicators,Neutral,2
brushes & applicators,Positive,8
buffets & storage,Neutral,1
bulova,Neutral,1
bulova,Positive,1
business & laptop,Negative,1
business & laptop,Neutral,1
business & laptop,Positive,1
button-down,Negative,2
button-down,Neutral,1
button-down,Positive,3
button-front,Negative,1
buy more & save,Negative,25
buy more & save,Neutral,5
buy more & save,Positive,23
buy more and save,Negative,55
buy more and save,Neutral,29
buy more and save,Positive,59
by & by,Negative,5
by & by,Neutral,3
by & by,Positive,6
by category,Negative,5
by category,Neutral,4
by category,Positive,8
by recipient,Negative,5
by recipient,Neutral,1
by recipient,Positive,4
call it spring,Negative,2
call it spring,Neutral,3
call it spring,Positive,4
calphalon,Negative,2
calphalon,Neutral,2
calphalon,Positive,7
camisoles & tanks,Negative,1
camisoles & tanks,Neutral,1
camisoles & tanks,Positive,6
canisters,Positive,2
canvas & boat shoes,Negative,5
canvas & boat shoes,Neutral,3
canvas & boat shoes,Positive,13
capris & crops,Negative,55
capris & crops,Neutral,12
capris & crops,Positive,53
car seats,Negative,6
car seats,Positive,3
cardigan,Negative,11
cardigan,Neutral,2
cardigan,Positive,10
cardigans,Negative,5
cardigans,Neutral,2
cardigans,Positive,5
cardigans & shrugs,Negative,14
cardigans & shrugs,Neutral,12
cardigans & shrugs,Positive,15
cargo pants,Negative,9
cargo pants,Neutral,1
cargo pants,Positive,7
cargo shorts,Negative,1
cargos,Negative,5
cargos,Positive,3
carry-ons,Negative,1
carry-ons,Neutral,1
carry-ons,Positive,2
cars,Negative,1
cars,Neutral,1
cars,Positive,1
carter's,Negative,3
carter's,Neutral,2
carter's,Positive,8
carts & islands,Negative,2
casio,Neutral,2
casio,Positive,1
casual,Negative,8
casual,Neutral,6
casual,Positive,6
casual boots,Negative,4
casual boots,Neutral,5
casual boots,Positive,7
casual button-down shirts,Negative,18
casual button-down shirts,Neutral,4
casual button-down shirts,Positive,15
casual dinnerware,Negative,3
casual dinnerware,Neutral,12
casual dinnerware,Positive,5
casual flats,Negative,6
casual flats,Neutral,7
casual flats,Positive,9
casual sandals,Negative,17
casual sandals,Neutral,7
casual sandals,Positive,16
casual shirts,Negative,10
casual shirts,Neutral,6
casual shirts,Positive,9
casual shoes,Negative,78
casual shoes,Neutral,46
casual shoes,Positive,84
chair cushions,Negative,4
chair cushions,Neutral,3
chair cushions,Positive,4
chair cushions & covers,Negative,10
chair cushions & covers,Neutral,11
chair cushions & covers,Positive,11
chairs,Negative,3
chairs,Positive,4
chairs & recliners,Negative,4
chairs & recliners,Neutral,1
chairs & recliners,Positive,4
champion,Negative,7
champion,Neutral,2
champion,Positive,4
checked bags,Neutral,1
checked bags,Positive,2
chests & cabinets,Negative,1
chi,Negative,7
chi,Neutral,2
chi,Positive,1
christmas bedding & bath,Negative,8
christmas bedding & bath,Neutral,4
christmas bedding & bath,Positive,12
christmas pajamas & slippers,Negative,2
christmas pajamas & slippers,Neutral,4
christmas pajamas & slippers,Positive,10
christmas shop,Negative,2
christmas shop,Positive,4
christmas sweaters,Neutral,1
christmas tabletop,Negative,8
christmas tabletop,Neutral,5
christmas tabletop,Positive,9
church dresses,Negative,13
church dresses,Neutral,2
church dresses,Positive,6
cinderella,Negative,6
cinderella,Neutral,2
cinderella,Positive,1
citizen,Negative,2
citizen,Positive,1
city fit,Negative,10
city fit,Neutral,1
city fit,Positive,3
clarks,Negative,13
clarks,Neutral,9
clarks,Positive,14
cleansers,Negative,3
cleansers,Neutral,3
cleansers,Positive,2
clearance,Negative,304
clearance,Neutral,164
clearance,Positive,293
clocks & mirrors,Negative,5
clocks & mirrors,Neutral,2
clocks & mirrors,Positive,3
closeouts,Negative,30
closeouts,Neutral,14
closeouts,Positive,18
clothing,Negative,3
clothing,Neutral,1
clothing,Positive,4
clothing sets,Negative,4
clothing sets,Neutral,4
clothing sets,Positive,9
clutches & evening bags,Negative,1
clutches & evening bags,Neutral,1
clutches & evening bags,Positive,5
coats,Negative,20
coats,Neutral,5
coats,Positive,15
coats & jackets,Negative,104
coats & jackets,Neutral,59
coats & jackets,Positive,86
coats + jackets,Negative,1
cocktail glasses,Negative,1
cocktail glasses,Neutral,1
coffee,Negative,7
coffee,Neutral,2
coffee,Positive,7
coffee & tea,Negative,4
coffee & tea,Neutral,1
coffee & tea,Positive,2
coffee mugs,Negative,1
coffeemakers,Negative,4
coffeemakers,Neutral,5
coffeemakers,Positive,7
cold weather & rain boots,Negative,1
cold weather & rain boots,Positive,2
cold weather bedding,Negative,6
cold weather bedding,Neutral,4
cold weather bedding,Positive,2
collared & button-front,Negative,10
collared & button-front,Neutral,5
collared & button-front,Positive,4
collection by michael strahan,Negative,2
collection by michael strahan,Neutral,1
collection by michael strahan,Positive,2
collections,Negative,5
collections,Neutral,1
collections,Positive,2
college & dorm bedding,Negative,9
college & dorm bedding,Neutral,1
college & dorm bedding,Positive,6
college kitchen essentials,Negative,3
college kitchen essentials,Positive,2
colored diamonds,Negative,3
colored diamonds,Positive,1
columbia,Negative,1
columbia,Positive,1
comfort clogs & mules,Negative,1
comfort dress shoes,Negative,5
comfort dress shoes,Positive,2
comfort flats,Negative,8
comfort flats,Neutral,9
comfort flats,Positive,20
comfort sandals,Negative,28
comfort sandals,Neutral,13
comfort sandals,Positive,17
comfort shoes,Negative,49
comfort shoes,Neutral,23
comfort shoes,Positive,48
comfort sneakers,Positive,1
comforters,Negative,26
comforters,Neutral,21
comforters,Positive,36
comforters & bedding sets,Negative,28
comforters & bedding sets,Neutral,13
comforters & bedding sets,Positive,44
converse,Neutral,1
converse,Positive,2
cooks,Negative,11
cooks,Neutral,3
cooks,Positive,6
cooktops,Negative,2
cooktops,Neutral,1
cooktops,Positive,5
cookware,Negative,4
cookware,Positive,9
costumes & dress up,Negative,2
costumes & dress up,Neutral,1
costumes & dress up,Positive,3
costumes & dress-up,Negative,1
costumes & dress-up,Neutral,3
costumes & dress-up,Positive,3
costumes and accessories,Negative,4
costumes and accessories,Neutral,3
costumes and accessories,Positive,2
cotton,Negative,58
cotton,Neutral,27
cotton,Positive,57
couristan,Negative,1
couristan,Positive,7
cover-ups,Negative,1
cover-ups,Neutral,1
coveralls & overalls,Negative,4
coveralls & overalls,Positive,3
coverlets,Negative,11
coverlets,Neutral,10
coverlets,Positive,6
croscill classics,Negative,7
croscill classics,Positive,8
crossbody bags,Negative,2
crossbody bags,Neutral,1
crossbody bags,Positive,5
cuisinart,Negative,5
cuisinart,Positive,2
curling irons,Negative,1
curling irons,Neutral,1
curling irons,Positive,1
curtain rods & hardware,Negative,8
curtain rods & hardware,Neutral,5
curtain rods & hardware,Positive,8
curtains & drapes,Negative,32
curtains & drapes,Neutral,23
curtains & drapes,Positive,39
cushioned socks,Negative,3
cushioned socks,Neutral,2
cushioned socks,Positive,4
cushions & pillows,Negative,1
cushions & pillows,Neutral,1
cushions & pillows,Positive,7
customer favorites,Negative,25
customer favorites,Neutral,13
customer favorites,Positive,21
cutlery & cutting boards,Negative,4
cutlery & cutting boards,Neutral,2
cutlery & cutting boards,Positive,2
dale tiffany,Negative,1
deals,Negative,84
deals,Neutral,49
deals,Positive,91
deco glow,Negative,2
deco glow,Neutral,1
deco glow,Positive,5
decorative objects,Positive,1
decorative pillows & shams,Negative,20
decorative pillows & shams,Neutral,12
decorative pillows & shams,Positive,14
decree,Negative,3
decree,Neutral,1
decree,Positive,6
demi & plunge bras,Positive,1
denim jackets,Negative,2
denim jackets,Neutral,5
denim jackets,Positive,1
denim shorts,Negative,3
denim shorts,Positive,4
designer pick 2,Positive,1
designer picks,Negative,7
designer picks,Positive,5
desks,Negative,2
desks,Neutral,2
desks,Positive,4
desks & chairs,Positive,1
desktop & electronics,Positive,1
diamonart,Positive,2
diamond jewelry,Negative,1
diamond jewelry,Neutral,1
diamond jewelry,Positive,1
diamond rings,Negative,1
diamond rings,Neutral,1
diamond rings,Positive,3
diaper bags,Neutral,1
dickies,Negative,9
dickies,Neutral,5
dickies,Positive,3
dining room chairs,Neutral,1
dining room tables,Negative,1
dining sets,Negative,2
dinnerware,Negative,11
dinnerware,Neutral,9
dinnerware,Positive,14
dishes,Negative,7
dishes,Neutral,5
dishes,Positive,9
dishwashers,Negative,12
dishwashers,Neutral,10
dishwashers,Positive,11
disney,Negative,3
disney,Positive,2
disney apparel by okie dokie,Negative,3
disney apparel by okie dokie,Positive,2
disney princess,Negative,5
disney princess,Neutral,1
disney princess,Positive,3
dockers,Negative,23
dockers,Neutral,4
dockers,Positive,16
dolls & doll houses,Negative,4
dolls & doll houses,Positive,4
doorbuster,Negative,11
doorbuster,Neutral,5
doorbuster,Positive,15
dorm room decor,Negative,4
dorm room decor,Neutral,2
dorm room decor,Positive,2
down & down-alt comforters,Negative,6
down & down-alt comforters,Neutral,2
down & down-alt comforters,Positive,9
down comforters,Negative,1
down comforters,Neutral,3
down comforters,Positive,2
dream on collection,Negative,3
dream on collection,Positive,7
dress boots,Negative,3
dress boots,Neutral,3
dress boots,Positive,3
dress clothes,Negative,20
dress clothes,Neutral,15
dress clothes,Positive,23
dress pants,Negative,22
dress pants,Neutral,9
dress pants,Positive,18
dress sandals,Negative,1
dress sandals,Positive,2
dress shirts,Negative,23
dress shirts,Neutral,14
dress shirts,Positive,24
dress shirts & ties,Negative,19
dress shirts & ties,Neutral,14
dress shirts & ties,Positive,10
dress shoes,Negative,27
dress shoes,Neutral,9
dress shoes,Positive,31
dressers & chests,Positive,1
dressers & nightstands,Negative,3
dressers & nightstands,Neutral,4
dressers & nightstands,Positive,2
dresses,Negative,59
dresses,Neutral,35
dresses,Positive,74
dresses & dress clothes,Negative,11
dresses & dress clothes,Neutral,8
dresses & dress clothes,Positive,18
dresses & skirts,Negative,16
dresses & skirts,Neutral,3
dresses & skirts,Positive,12
drink dispensers,Negative,1
drink dispensers,Positive,1
drinkware sets,Negative,9
drinkware sets,Neutral,1
drinkware sets,Positive,4
dryers,Negative,10
dryers,Neutral,7
dryers,Positive,12
dutch ovens,Negative,1
dutch ovens,Neutral,1
dutch ovens,Positive,2
duvets,Negative,5
duvets,Neutral,1
duvets,Positive,6
earrings,Negative,9
earrings,Neutral,7
earrings,Positive,7
easter,Neutral,1
ecko unltd,Positive,2
eclo™ earth-friendly pants,Negative,4
eclo™ earth-friendly pants,Neutral,2
eclo™ earth-friendly pants,Positive,2
electric blankets,Negative,5
electric blankets,Neutral,2
electric blankets,Positive,2
emma,Negative,4
emma,Neutral,3
emma,Positive,2
energy efficient & blackout,Negative,25
energy efficient & blackout,Neutral,10
energy efficient & blackout,Positive,22
entertaining shop,Negative,3
entertaining shop,Positive,3
epicurious,Negative,6
epicurious,Neutral,3
epicurious,Positive,7
essential mens pants,Negative,4
essential mens pants,Neutral,2
essential mens pants,Positive,3
essentials,Negative,129
essentials,Neutral,63
essentials,Positive,122
eva longoria home,Positive,1
evening and cocktail dresses,Negative,2
evening and cocktail dresses,Neutral,2
evening and cocktail dresses,Positive,3
evening separates,Negative,7
evening separates,Neutral,3
evening separates,Positive,6
extended sizes,Negative,17
extended sizes,Neutral,8
extended sizes,Positive,23
extra wide widths,Positive,1
eye brushes,Negative,7
eye brushes,Neutral,3
eye brushes,Positive,6
eye care,Negative,4
eye care,Neutral,1
eye care,Positive,4
eye makeup,Negative,4
eye makeup,Neutral,2
eye makeup,Positive,2
eyebrows,Negative,13
eyebrows,Neutral,5
eyebrows,Positive,18
eyeliner,Negative,23
eyeliner,Neutral,15
eyeliner,Positive,18
face brushes,Neutral,1
face brushes,Positive,1
face makeup,Negative,14
face makeup,Neutral,5
face makeup,Positive,11
face oils,Negative,5
face oils,Positive,3
face powder,Negative,16
face powder,Neutral,6
face powder,Positive,15
face primer,Negative,3
face primer,Neutral,2
face primer,Positive,3
face serum & treatments,Negative,2
face serum & treatments,Neutral,2
face serum & treatments,Positive,4
face wash & cleanser,Negative,3
face wash & cleanser,Neutral,3
face wash & cleanser,Positive,2
face wash for men,Negative,2
face wash for men,Neutral,2
face wash for men,Positive,4
fall harvest & thanksgiving,Positive,1
false eyelashes,Negative,4
false eyelashes,Neutral,2
false eyelashes,Positive,3
family travel,Negative,4
family travel,Neutral,1
family travel,Positive,3
farberware,Negative,3
farberware,Neutral,1
farberware,Positive,2
fashion,Negative,11
fashion,Neutral,1
fashion,Positive,12
fashion accessories,Negative,1
fashion jewelry,Positive,1
fashion jewelry & watches,Neutral,1
fashion jewelry & watches,Positive,1
fashion rings,Positive,1
fashion tops,Neutral,1
fashion tops,Positive,3
fashion watches,Neutral,1
fashion watches,Positive,1
faux fur boots,Negative,6
faux fur boots,Neutral,2
faux fur boots,Positive,3
faux wood blinds,Negative,6
faux wood blinds,Positive,3
fila,Negative,6
fila,Neutral,1
fila,Positive,4
fine jewelry for bride,Negative,7
fine jewelry for bride,Neutral,3
fine jewelry for bride,Positive,7
fine watches,Positive,1
fit and flare,Negative,3
fit and flare,Positive,2
fit and flare dresses,Negative,9
fit and flare dresses,Neutral,2
fit and flare dresses,Positive,6
fit secrets,Negative,4
fit secrets,Neutral,2
fit secrets,Positive,2
fitness,Neutral,2
fitness,Positive,2
fitness accessories,Negative,2
fitness accessories,Neutral,1
fitness accessories,Positive,8
flannel shirts,Negative,3
flannel shirts,Positive,5
flat front pants,Negative,14
flat front pants,Neutral,4
flat front pants,Positive,17
flat front shorts,Negative,5
flat front shorts,Neutral,1
flat front shorts,Positive,2
flats & ballet,Negative,7
flats & ballet,Neutral,4
flats & ballet,Positive,8
flats & loafers,Negative,10
flats & loafers,Neutral,7
flats & loafers,Positive,10
flatware,Neutral,1
flatware,Positive,1
fleece,Negative,5
fleece,Neutral,1
fleece,Positive,2
fleece jackets,Neutral,1
flip flops,Negative,1
flip flops,Neutral,2
flip flops,Positive,3
flirtitude,Negative,11
flirtitude,Neutral,5
flirtitude,Positive,3
food storage,Negative,5
food storage,Neutral,2
food storage,Positive,5
footwear,Negative,1
footwear,Positive,1
for baby,Negative,2
for baby,Neutral,1
for baby,Positive,5
for juniors,Negative,7
for juniors,Neutral,3
for juniors,Positive,6
for kids,Negative,2
for kids,Neutral,1
for kids,Positive,5
for men,Negative,31
for men,Neutral,20
for men,Positive,43
for the bride,Negative,4
for the bride,Positive,1
for the home,Negative,9
for the home,Neutral,5
for the home,Positive,7
for women,Negative,39
for women,Neutral,26
for women,Positive,55
formal table setting,Negative,1
foundation,Negative,3
foundation,Neutral,1
foundation,Positive,4
fourth of july,Negative,1
fourth of july,Positive,1
free country,Negative,2
free country,Neutral,2
freezers & ice makers,Negative,4
freezers & ice makers,Neutral,2
freezers & ice makers,Positive,3
french country,Negative,2
french country,Neutral,2
french toast,Negative,10
french toast,Neutral,8
french toast,Positive,19
full figure bras,Negative,36
full figure bras,Neutral,23
full figure bras,Positive,48
full figure minimizer bras,Negative,2
full figure minimizer bras,Neutral,2
full figure minimizer bras,Positive,3
full figure racerback bras,Negative,2
full figure racerback bras,Neutral,1
full figure racerback bras,Positive,2
full figure sports bras,Negative,6
full figure sports bras,Neutral,4
full figure sports bras,Positive,3
full figure strapless & convertible bras,Negative,1
full figure strapless & convertible bras,Neutral,2
full figure strapless & convertible bras,Positive,5
full figure t-shirt bras,Negative,4
full figure t-shirt bras,Positive,4
full figure underwire bras,Negative,14
full figure underwire bras,Neutral,5
full figure underwire bras,Positive,13
full figure wireless bras,Negative,15
full figure wireless bras,Neutral,10
full figure wireless bras,Positive,13
furniture,Negative,5
furniture,Neutral,8
furniture,Positive,4
furniture & decor,Negative,3
furniture & decor,Neutral,3
furniture & decor,Positive,6
furniture sets,Negative,10
furniture sets,Neutral,6
furniture sets,Positive,7
gadgets,Negative,7
gadgets,Neutral,7
gadgets,Positive,18
"gadgets, games & outdoor",Negative,2
"gadgets, games & outdoor",Neutral,5
"gadgets, games & outdoor",Positive,2
games & puzzles,Positive,1
ge,Negative,41
ge,Neutral,15
ge,Positive,25
gemstone jewelry,Negative,4
gemstone jewelry,Positive,6
gemstone rings,Negative,4
gemstone rings,Positive,1
gifts & accessories,Negative,4
gifts & accessories,Neutral,2
gifts & accessories,Positive,4
gifts over $100,Negative,8
gifts over $100,Neutral,2
gifts over $100,Positive,2
gifts under $100,Negative,1
gifts under $15,Negative,11
gifts under $15,Neutral,1
gifts under $15,Positive,9
gifts under $25,Negative,5
gifts under $25,Neutral,1
gifts under $25,Positive,3
gifts under $50,Negative,22
gifts under $50,Neutral,8
gifts under $50,Positive,19
girl's jeans,Negative,2
girl's jeans,Positive,3
girl's pants,Negative,13
girl's pants,Neutral,4
girl's pants,Positive,7
girl's school uniforms,Negative,7
girl's school uniforms,Neutral,1
girl's school uniforms,Positive,7
girl's shorts,Negative,4
girl's shorts,Neutral,2
girl's swimwear,Neutral,1
girls,Negative,1
girls,Neutral,1
girls,Positive,6
girls 2t-5t,Negative,5
girls 2t-5t,Neutral,1
girls 2t-5t,Positive,4
girls 4-6x,Neutral,1
girls 4-6x,Positive,4
girls 7-16,Negative,13
girls 7-16,Neutral,4
girls 7-16,Positive,10
girls athletic shoes,Negative,1
girls athletic shoes,Positive,1
girls casual shoes,Negative,5
girls casual shoes,Neutral,6
girls casual shoes,Positive,13
girls dress shoes,Negative,1
girls dress shoes,Neutral,1
girls dress shoes,Positive,2
girls one piece swimsuits,Positive,1
girls plus,Negative,20
girls plus,Neutral,5
girls plus,Positive,10
girls shoes,Negative,2
girls shoes,Positive,2
girls slim,Negative,4
girls slim,Neutral,1
girls slim,Positive,3
girls view all,Negative,1
girls view all,Neutral,1
girls view all,Positive,2
girls' graphic tees,Negative,1
girls' graphic tees,Neutral,2
girls' graphic tees,Positive,4
glamorise,Negative,8
glamorise,Neutral,2
glamorise,Positive,5
glassware & mugs,Negative,1
glassware & mugs,Positive,1
glassware + mugs,Negative,2
glassware + mugs,Positive,1
gliders & rockers,Negative,6
gliders & rockers,Neutral,1
gliders & rockers,Positive,5
gloria vanderbilt,Negative,8
gloria vanderbilt,Neutral,2
gloria vanderbilt,Positive,6
gold jewelry,Negative,11
gold jewelry,Positive,6
gold toe,Negative,13
gold toe,Neutral,3
gold toe,Positive,4
gold tone jewelry,Positive,1
golf,Negative,2
golf,Neutral,1
golf apparel,Negative,13
golf apparel,Neutral,1
golf apparel,Positive,9
golf jackets,Positive,1
golf shop,Negative,9
golf shop,Neutral,2
golf shop,Positive,2
graduation,Negative,9
graduation,Neutral,2
graduation,Positive,5
graduation dresses,Negative,8
graduation dresses,Neutral,3
graduation dresses,Positive,7
graphic t-shirts,Negative,9
graphic t-shirts,Neutral,5
graphic t-shirts,Positive,8
graphic tees,Negative,17
graphic tees,Neutral,9
graphic tees,Positive,20
grills & griddles,Negative,7
grills & griddles,Neutral,5
grills & griddles,Positive,5
groom accessories,Negative,3
groom accessories,Neutral,2
"groom, groomsmen & fathers",Negative,1
"groom, groomsmen & fathers",Positive,4
guy's coats & jackets,Negative,4
guy's coats & jackets,Neutral,1
guy's coats & jackets,Positive,3
guy's jeans,Negative,6
guy's jeans,Neutral,3
guy's jeans,Positive,10
guy's pants,Negative,12
guy's pants,Neutral,4
guy's pants,Positive,8
guy's school uniforms,Negative,26
guy's school uniforms,Neutral,11
guy's school uniforms,Positive,28
guy's shorts,Negative,6
guy's shorts,Neutral,2
guy's shorts,Positive,12
guy's sleepwear,Negative,8
guy's sleepwear,Neutral,5
guy's sleepwear,Positive,3
guy's swimwear,Positive,2
guys,Negative,6
guys,Neutral,9
guys,Positive,17
guys prom shop,Negative,4
guys prom shop,Neutral,2
guys prom shop,Positive,10
haggar,Negative,25
haggar,Neutral,6
haggar,Positive,18
hair brushes & combs,Negative,7
hair brushes & combs,Neutral,1
hair brushes & combs,Positive,4
hair care,Negative,2
hair care,Positive,1
hair color & root touch up,Negative,2
hair color & root touch up,Neutral,4
hair color & root touch up,Positive,4
hair oil,Negative,7
hair oil,Positive,2
hairspray & styling products,Negative,8
hairspray & styling products,Neutral,5
hairspray & styling products,Positive,8
hamilton beach,Negative,4
hamilton beach,Neutral,2
hamilton beach,Positive,1
handbags,Negative,8
handbags,Neutral,5
handbags,Positive,10
handbags & accessories,Negative,4
handbags & accessories,Positive,9
hanes,Negative,9
hanes,Neutral,3
hanes,Positive,6
hangers,Positive,1
hardside luggage,Positive,1
hardware,Negative,6
hardware,Neutral,3
hardware,Positive,6
"hats, scarves & gloves",Negative,6
"hats, scarves & gloves",Neutral,6
"hats, scarves & gloves",Positive,12
health & wellness,Negative,1
henley shirts,Negative,1
high tech tools,Negative,14
high tech tools,Neutral,10
high tech tools,Positive,16
highlighter,Negative,10
highlighter,Neutral,7
highlighter,Positive,11
hipster,Negative,3
hipster,Positive,2
hobo bags,Negative,5
hobo bags,Neutral,4
hobo bags,Positive,11
holiday decor,Negative,3
holiday decor,Neutral,1
holiday decor,Positive,4
home,Negative,5
home,Positive,5
home decor,Negative,12
home decor,Neutral,6
home decor,Positive,7
home decor & rugs,Negative,10
home decor & rugs,Neutral,9
home decor & rugs,Positive,14
home environment,Negative,2
home environment,Neutral,4
home environment,Positive,2
home expressions,Negative,6
home expressions,Positive,2
home improvement,Negative,1
home office,Negative,3
home office,Neutral,2
home office,Positive,4
homecoming dresses,Neutral,2
hoodies & fleece,Negative,18
hoodies & fleece,Neutral,10
hoodies & fleece,Positive,21
hoodies & sweaters,Negative,12
hoodies & sweaters,Neutral,6
hoodies & sweaters,Positive,10
hoodies & sweatshirts,Negative,17
hoodies & sweatshirts,Neutral,13
hoodies & sweatshirts,Positive,20
hoover,Negative,6
hoover,Neutral,4
hoover,Positive,9
housewarming,Negative,6
housewarming,Neutral,3
housewarming,Positive,8
hypoallergenic earrings,Negative,1
hypoallergenic earrings,Neutral,3
hypoallergenic earrings,Positive,2
i heart ronson,Negative,9
i heart ronson,Neutral,2
i heart ronson,Positive,14
i jeans by buffalo,Negative,9
i jeans by buffalo,Neutral,4
i jeans by buffalo,Positive,2
i said yes,Negative,5
i said yes,Neutral,1
i said yes,Positive,11
ice cream & beverage,Negative,8
ice cream & beverage,Neutral,12
ice cream & beverage,Positive,6
industrial,Negative,1
industrial,Positive,1
infant & toddler,Neutral,1
infant & toddler,Positive,1
infant & toddler shoes,Negative,14
infant & toddler shoes,Neutral,7
infant & toddler shoes,Positive,15
inspirational jewelry,Negative,2
irons & laundry care,Negative,15
irons & laundry care,Neutral,4
irons & laundry care,Positive,16
izod,Negative,42
izod,Neutral,19
izod,Positive,29
jacket dresses,Negative,10
jacket dresses,Neutral,1
jacket dresses,Positive,5
jackets & blazers,Negative,8
jackets & blazers,Neutral,8
jackets & blazers,Positive,4
jackets & hoodies,Negative,15
jackets & hoodies,Neutral,4
jackets & hoodies,Positive,16
jamaica bay,Negative,4
jamaica bay,Positive,4
january's birthstone,Negative,1
jcpenney,Negative,5
jcpenney,Neutral,2
jcpenney,Positive,4
jcpenney black friday sale,Negative,31
jcpenney black friday sale,Neutral,9
jcpenney black friday sale,Positive,31
jcpenney home,Negative,47
jcpenney home,Neutral,16
jcpenney home,Positive,55
jean jackets,Negative,3
jean jackets,Neutral,2
jean jackets,Positive,4
jeans,Negative,252
jeans,Neutral,129
jeans,Positive,221
jeans & pants,Negative,11
jeans & pants,Neutral,4
jeans & pants,Positive,13
jegging,Negative,7
jegging,Neutral,2
jegging,Positive,7
jewelry,Negative,1
jewelry,Neutral,2
jewelry,Positive,1
jewelry & watches,Negative,5
jewelry & watches,Neutral,6
jewelry & watches,Positive,7
jewelry boxes & armoires,Negative,6
jewelry boxes & armoires,Positive,3
jewelry sets,Negative,2
jewelry sets,Neutral,2
jewelry sets,Positive,4
jf j.ferrar,Negative,6
jf j.ferrar,Neutral,1
jf j.ferrar,Positive,6
jockey,Negative,4
jockey,Neutral,5
jockey,Positive,4
jogger pants,Negative,4
jogger pants,Neutral,1
jogger pants,Positive,4
july's birthstone,Negative,1
july's birthstone,Positive,1
jumpsuits & rompers,Negative,2
jumpsuits & rompers,Positive,2
june's birthstone,Negative,1
june's birthstone,Positive,2
june's birthstone: pearl,Negative,1
june's birthstone: pearl,Neutral,3
june's birthstone: pearl,Positive,4
junior's graphic tees,Neutral,1
junior's graphic tees,Positive,3
juniors,Negative,9
juniors,Neutral,10
juniors,Positive,20
juniors jewelry,Neutral,1
juniors lingerie,Negative,6
juniors lingerie,Neutral,5
juniors lingerie,Positive,5
juniors plus,Neutral,1
juniors plus,Positive,5
juniors' jeans,Negative,14
juniors' jeans,Neutral,7
juniors' jeans,Positive,16
juniors' school uniforms,Negative,13
juniors' school uniforms,Neutral,2
juniors' school uniforms,Positive,5
juniors' shorts,Negative,1
juniors' sweaters,Negative,2
juniors' sweaters,Neutral,2
juniors' sweaters,Positive,2
juniors' swimwear,Negative,2
juniors' swimwear,Positive,4
keracare,Positive,1
kid,Neutral,1
kid,Positive,3
kid's apparel,Negative,5
kid's apparel,Neutral,1
kid's apparel,Positive,2
kid's coats & jackets,Negative,1
kid's coats & jackets,Neutral,2
kid's coats & jackets,Positive,1
kid's crafts,Positive,1
kid's shoes,Negative,3
kid's shoes,Neutral,1
kid's shoes,Positive,2
kid's sleepwear,Negative,3
kid's sleepwear,Positive,1
kid's sneakers,Negative,3
kid's sneakers,Neutral,3
kid's sneakers,Positive,3
kids,Negative,6
kids,Neutral,3
kids,Positive,7
kids & teen rooms,Negative,12
kids & teen rooms,Neutral,7
kids & teen rooms,Positive,14
kids & teens,Negative,15
kids & teens,Neutral,10
kids & teens,Positive,18
kids & teens bath,Negative,8
kids & teens bath,Neutral,3
kids & teens bath,Positive,6
kids & teens bedding,Negative,23
kids & teens bedding,Neutral,11
kids & teens bedding,Positive,23
kids & teens furniture,Positive,3
kids & teens room decor,Negative,7
kids & teens room decor,Neutral,3
kids & teens room decor,Positive,5
kids & teens rugs,Negative,4
kids athletic shoes,Negative,3
kids athletic shoes,Positive,1
kids bedding,Negative,1
kids bedding,Positive,1
kids boots,Positive,1
kids casual shoes,Negative,3
kids casual shoes,Neutral,1
kids casual shoes,Positive,4
kids chairs,Positive,1
kids character shoes,Negative,2
kids character shoes,Neutral,1
kids character shoes,Positive,4
kids in the kitchen,Negative,1
kids in the kitchen,Neutral,1
kids sandals,Negative,5
kids sandals,Neutral,1
kids sandals,Positive,1
kids sneakers,Negative,2
kids sneakers,Neutral,2
kids sneakers,Positive,2
kids watches,Negative,1
kids watches,Neutral,1
kids' jewelry,Negative,1
kids' jewelry,Positive,1
kimonos & ponchos,Negative,2
king mattresses,Negative,4
king mattresses,Neutral,3
king mattresses,Positive,7
kitchen & dining,Negative,64
kitchen & dining,Neutral,37
kitchen & dining,Positive,78
kitchen curtains,Negative,12
kitchen curtains,Neutral,6
kitchen curtains,Positive,15
kitchen furniture,Negative,7
kitchen furniture,Neutral,5
kitchen furniture,Positive,8
kitchen gadgets & utensils,Negative,4
kitchen gadgets & utensils,Neutral,1
kitchen gadgets & utensils,Positive,3
kitchen packages,Negative,4
kitchen packages,Neutral,2
kitchen rugs,Negative,7
kitchen rugs,Neutral,2
kitchen rugs,Positive,11
kitchen storage & organization,Negative,3
kitchen storage & organization,Positive,3
kitchenaid,Negative,3
kitchenaid,Neutral,1
kitchenaid,Positive,4
knee & thigh highs,Negative,1
knee & thigh highs,Neutral,2
krups,Negative,2
krups,Positive,3
kubo collection,Negative,1
lace dresses,Negative,7
lace dresses,Neutral,4
lace dresses,Positive,8
large sizes 13 & over,Negative,10
large sizes 13 & over,Neutral,3
large sizes 13 & over,Positive,9
larger sizes,Negative,31
larger sizes,Neutral,26
larger sizes,Positive,27
laundry & cleaning,Negative,10
laundry & cleaning,Neutral,3
laundry & cleaning,Positive,5
laundry care & storage,Neutral,1
leather & faux leather jackets,Negative,2
leather & faux leather jackets,Neutral,2
leather & faux leather jackets,Positive,5
leather bags,Negative,1
leather strap watches,Negative,1
leather strap watches,Neutral,1
leather strap watches,Positive,4
lee,Negative,28
lee,Neutral,13
lee,Positive,36
leggings,Negative,26
leggings,Neutral,14
leggings,Positive,32
levi's,Negative,32
levi's,Neutral,16
levi's,Positive,32
levi's 501 original fit-big tall,Positive,1
levi's 501® original,Positive,1
levi's 501® shrink to fit,Negative,3
levi's 501® shrink to fit,Neutral,1
levi's 501® shrink to fit,Positive,5
levi’s,Negative,10
levi’s,Neutral,11
levi’s,Positive,10
levi’s 511™ slim,Negative,4
levi’s 511™ slim,Neutral,2
levi’s 511™ slim,Positive,2
levi’s 513™ slim straight,Negative,4
levi’s 513™ slim straight,Neutral,1
levi’s 513™ slim straight,Positive,3
levi’s 514™ straight,Negative,7
levi’s 514™ straight,Neutral,4
levi’s 514™ straight,Positive,10
levi’s 560™ comfort,Positive,1
levi’s 569™ loose straight,Negative,3
levi’s 569™ loose straight,Neutral,1
levi’s 569™ loose straight,Positive,4
lg,Negative,33
lg,Neutral,19
lg,Positive,35
lighting & lamps,Negative,11
lighting & lamps,Neutral,6
lighting & lamps,Positive,7
lightweight jackets,Negative,1
linens,Negative,18
linens,Neutral,14
linens,Positive,18
lingerie,Negative,18
lingerie,Neutral,11
lingerie,Positive,26
lingerie sets,Negative,8
lingerie sets,Neutral,6
lingerie sets,Positive,15
lip,Negative,11
lip,Neutral,4
lip,Positive,14
living room,Negative,2
living room,Positive,1
living room sets,Positive,2
liz claiborne,Negative,68
liz claiborne,Neutral,35
liz claiborne,Positive,82
liz claiborne (copy),Negative,3
liz claiborne (copy),Positive,2
loafers,Negative,4
loafers,Neutral,1
loafers,Positive,4
loafers & slip-ons,Negative,2
loafers & slip-ons,Neutral,3
loafers & slip-ons,Positive,5
long underwear & thermals,Negative,2
long underwear & thermals,Positive,1
loungewear,Negative,31
loungewear,Neutral,19
loungewear,Positive,24
luggage & backpacks,Negative,7
luggage & backpacks,Neutral,4
luggage & backpacks,Positive,9
luggage collections,Negative,2
luminaire,Negative,5
luminaire,Neutral,1
luminaire,Positive,2
made for life,Negative,26
made for life,Neutral,14
made for life,Positive,18
madison park,Negative,12
madison park,Neutral,4
madison park,Positive,10
maidenform,Negative,8
maidenform,Neutral,3
maidenform,Positive,5
makeup brush sets,Negative,8
makeup brush sets,Neutral,3
makeup brush sets,Positive,3
makeup palettes,Negative,3
makeup palettes,Neutral,6
makeup palettes,Positive,4
makeup palettes & sets,Negative,14
makeup palettes & sets,Neutral,6
makeup palettes & sets,Positive,7
martha stewart,Negative,8
martha stewart,Neutral,1
martha stewart,Positive,8
marvel shop,Negative,1
marvel shop,Positive,1
mascara,Negative,6
mascara,Neutral,5
mascara,Positive,16
matching jewelry,Negative,5
matching jewelry,Neutral,2
matching jewelry,Positive,4
maternity,Negative,4
maternity,Neutral,1
maternity,Positive,6
mattress pads,Negative,1
mattress pads,Positive,1
mattress pads & toppers,Negative,29
mattress pads & toppers,Neutral,13
mattress pads & toppers,Positive,21
mattresses,Negative,16
mattresses,Neutral,8
mattresses,Positive,20
maxi dresses,Negative,1
maxi dresses,Positive,3
mcklein,Negative,1
mcklein,Positive,1
media,Negative,1
media & storage furniture,Positive,1
media seating,Positive,1
memory foam,Negative,4
memory foam,Neutral,3
memory foam,Positive,9
men,Negative,9
men,Neutral,1
men,Positive,5
men's apparel,Negative,3
men's apparel,Neutral,3
men's apparel,Positive,2
men's coats & jackets,Negative,5
men's coats & jackets,Neutral,5
men's coats & jackets,Positive,5
men's fleece,Negative,12
men's fleece,Neutral,4
men's fleece,Positive,9
men's graphic tees,Negative,4
men's graphic tees,Positive,3
men's jeans,Negative,11
men's jeans,Neutral,10
men's jeans,Positive,12
men's jewelry,Negative,1
men's jewelry,Neutral,1
men's jewelry,Positive,1
men's pants,Negative,21
men's pants,Neutral,13
men's pants,Positive,36
men's shorts,Negative,18
men's shorts,Neutral,4
men's shorts,Positive,20
men's sleepwear,Negative,9
men's sleepwear,Neutral,8
men's sleepwear,Positive,10
men's sneakers,Negative,2
men's sweaters,Negative,3
men's sweaters,Positive,1
men's swimwear,Negative,6
men's swimwear,Neutral,4
men's swimwear,Positive,3
men's watches,Negative,7
men's watches,Neutral,3
men's watches,Positive,3
mens,Negative,10
mens,Neutral,14
mens,Positive,10
mens thermals,Negative,7
mens thermals,Neutral,6
mens thermals,Positive,12
mi zone,Negative,3
mi zone,Neutral,3
mi zone,Positive,7
mickey mouse and friends,Negative,10
mickey mouse and friends,Neutral,2
mickey mouse and friends,Positive,10
mid-calf boots,Negative,5
mid-calf boots,Neutral,3
mid-calf boots,Positive,5
mixit,Negative,2
mixit,Neutral,2
mobile & tablet,Negative,1
modern fit,Negative,9
modern fit,Neutral,3
modern fit,Positive,5
moisture wicking underwear,Negative,6
moisture wicking underwear,Neutral,3
moisture wicking underwear,Positive,7
monogram shop,Negative,1
monogram shop,Neutral,1
mosaica,Negative,3
mosaica,Neutral,2
mosaica,Positive,3
mother of bride/groom,Negative,4
mother of bride/groom,Neutral,1
mother of bride/groom,Positive,3
mother-of-the-bride/groom,Negative,5
mother-of-the-bride/groom,Positive,4
nail base coats & top coats,Negative,4
nail base coats & top coats,Neutral,3
nail base coats & top coats,Positive,9
nail polish,Negative,19
nail polish,Neutral,5
nail polish,Positive,11
nails,Negative,8
nails,Neutral,2
nails,Positive,3
name & initial jewelry,Positive,1
natural comfort & cotton,Negative,8
natural comfort & cotton,Neutral,3
natural comfort & cotton,Positive,5
nautical,Negative,2
nautical,Positive,3
necklaces & pendants,Negative,26
necklaces & pendants,Neutral,13
necklaces & pendants,Positive,18
neckties,Negative,3
neckties,Neutral,4
neckties,Positive,2
new arrivals,Negative,64
new arrivals,Neutral,37
new arrivals,Positive,78
new balance,Negative,17
new balance,Neutral,7
new balance,Positive,19
new year's eve dresses,Negative,5
new year's eve dresses,Neutral,2
new year's eve dresses,Positive,1
nicole by nicole miller,Positive,1
night creams,Negative,13
night creams,Neutral,11
night creams,Positive,15
nike,Negative,27
nike,Neutral,18
nike,Positive,19
nike base layer,Positive,2
nike elite socks,Negative,2
nike elite socks,Neutral,1
nike elite socks,Positive,2
ninja,Negative,3
ninja,Neutral,2
ninja,Positive,3
nordicware,Negative,1
nordicware,Neutral,2
nordicware,Positive,5
nourison,Negative,4
nourison,Neutral,1
nourison,Positive,3
nursing,Negative,3
nursing,Neutral,1
nursing,Positive,4
nursing & feeding,Negative,3
nursing & feeding,Positive,5
nursing bras,Negative,6
nursing bras,Neutral,2
nursing bras,Positive,8
nursing bras & tank tops,Negative,4
nursing bras & tank tops,Positive,5
okie dokie,Negative,7
okie dokie,Neutral,2
okie dokie,Positive,4
oliver collection,Negative,2
oliver collection,Neutral,2
oliver collection,Positive,1
one piece,Neutral,1
one piece,Positive,2
one piece & bodysuits,Negative,1
one piece & bodysuits,Positive,1
one pieces,Negative,11
one pieces,Neutral,5
one pieces,Positive,2
open toe & peep toe,Negative,8
open toe & peep toe,Neutral,6
open toe & peep toe,Positive,6
original fit,Negative,1
original fit,Neutral,3
original fit,Positive,4
oshkosh b'gosh,Negative,2
oshkosh b'gosh,Neutral,2
oshkosh b'gosh,Positive,5
ottomans,Neutral,1
outdoor curtains & shades,Negative,1
outdoor curtains & shades,Neutral,1
outdoor curtains & shades,Positive,2
outdoor grilling,Positive,1
outdoor rugs & door mats,Negative,1
outdoor rugs & door mats,Neutral,1
outdoor rugs & door mats,Positive,1
outdoor rugs & doormats,Negative,3
outdoor rugs & doormats,Positive,3
outfits you'll love,Negative,248
outfits you'll love,Neutral,118
outfits you'll love,Positive,244
oxford shirts,Negative,2
oxford shirts,Positive,3
pajama separates,Negative,9
pajama separates,Neutral,1
pajama separates,Positive,8
pajama sets,Negative,2
pajama sets,Neutral,1
pajamas,Negative,41
pajamas,Neutral,21
pajamas,Positive,26
pajamas & nightgowns,Negative,4
pajamas & nightgowns,Neutral,1
pajamas & nightgowns,Positive,4
pajamas & robes,Negative,46
pajamas & robes,Neutral,27
pajamas & robes,Positive,40
pajamas and robes,Negative,1
pajamas and robes,Neutral,3
pajamas and robes,Positive,2
pajamas and slippers,Neutral,2
pajamas and slippers,Positive,6
panties,Negative,17
panties,Neutral,7
panties,Positive,18
pants,Negative,372
pants,Neutral,179
pants,Positive,412
pants & bottoms,Negative,2
pants & bottoms,Positive,1
pants & capris,Negative,40
pants & capris,Neutral,14
pants & capris,Positive,28
pants & jeans,Negative,15
pants & jeans,Neutral,8
pants & jeans,Positive,18
pants & leggings,Negative,7
pants & leggings,Neutral,3
pants & leggings,Positive,12
pants & skirts,Negative,8
pants & skirts,Neutral,8
pants & skirts,Positive,17
pants and joggers,Negative,4
pants and joggers,Neutral,2
pants and joggers,Positive,2
pantyhose,Negative,2
pantyhose,Neutral,1
pantyhose,Positive,8
patio,Negative,12
patio,Neutral,1
patio,Positive,9
patio & outdoor living,Negative,18
patio & outdoor living,Neutral,7
patio & outdoor living,Positive,23
patio furniture,Neutral,1
patio furniture,Positive,5
pattern,Negative,17
pattern,Neutral,5
pattern,Positive,13
pearl jewelry,Negative,3
peasant,Negative,19
peasant,Neutral,7
peasant,Positive,18
perfume,Negative,5
perfume,Neutral,1
perfume,Positive,3
persian & oriental,Negative,3
persian & oriental,Neutral,4
persian & oriental,Positive,3
personal care,Negative,5
personal care,Neutral,3
personal care,Positive,11
personalized,Positive,1
personalized gifts for him,Negative,4
personalized gifts for him,Neutral,2
personalized wedding bands,Negative,1
pet care,Negative,7
pet care,Neutral,5
pet care,Positive,8
petite,Negative,7
petite,Neutral,4
petite,Positive,8
pfaltzgraff,Negative,5
pfaltzgraff,Neutral,2
pfaltzgraff,Positive,4
pga tour,Negative,1
pga tour,Positive,1
pillow cases & protectors,Negative,8
pillow cases & protectors,Neutral,3
pillow cases & protectors,Positive,7
pillows,Negative,4
pillows,Neutral,4
pillows,Positive,10
pillows & throws,Negative,25
pillows & throws,Neutral,13
pillows & throws,Positive,37
platform,Negative,1
platform,Positive,4
playtex,Negative,3
playtex,Neutral,2
playtex,Positive,3
pleated pants,Negative,6
pleated pants,Neutral,1
pleated pants,Positive,1
plus size,Negative,6
plus size,Neutral,2
plus size,Positive,5
plus size lingerie,Negative,24
plus size lingerie,Neutral,22
plus size lingerie,Positive,21
plus sizes,Negative,3
polos,Negative,36
polos,Neutral,19
polos,Positive,37
possibilities collection,Neutral,1
possibilities collection,Positive,3
pots & pans,Negative,4
pots & pans,Neutral,1
pots & pans,Positive,4
preschool (4-7x),Negative,2
preschool (4-7x),Neutral,1
pretend play,Negative,1
pretend play,Neutral,2
pretend play,Positive,5
prom dresses,Negative,5
prom dresses,Positive,4
promise rings,Positive,3
pumps,Positive,2
pumps & heels,Negative,44
pumps & heels,Neutral,17
pumps & heels,Positive,36
quilts,Negative,35
quilts,Neutral,19
quilts,Positive,30
quilts & bedspreads,Negative,17
quilts & bedspreads,Neutral,6
quilts & bedspreads,Positive,16
racer back bras,Negative,7
racer back bras,Neutral,4
racer back bras,Positive,7
rachael ray,Neutral,1
rachael ray,Positive,1
red kap,Negative,1
red kap,Neutral,2
red kap,Positive,6
reebok,Negative,1
reebok,Positive,3
refrigerators,Negative,14
refrigerators,Neutral,11
refrigerators,Positive,13
reinforced toe & heel socks,Negative,6
reinforced toe & heel socks,Neutral,4
reinforced toe & heel socks,Positive,7
relic,Positive,5
reversible belts,Negative,1
reversible belts,Neutral,1
reversible belts,Positive,1
rice cookers & steamers,Negative,2
riding boots,Negative,15
riding boots,Neutral,7
riding boots,Positive,19
ring bearer,Negative,8
ring bearer,Neutral,5
ring bearer,Positive,11
rings,Negative,19
rings,Neutral,11
rings,Positive,9
roasting pans,Positive,1
robby len,Negative,4
robby len,Positive,4
robes & wraps,Negative,3
robes & wraps,Neutral,4
robes & wraps,Positive,1
roller shades,Negative,6
roller shades,Neutral,2
roller shades,Positive,4
rollerballs & travel size,Negative,7
rollerballs & travel size,Neutral,1
rollerballs & travel size,Positive,8
roman shades,Negative,2
roman shades,Neutral,3
roman shades,Positive,3
room decor,Positive,1
rosetti,Negative,2
rosetti,Neutral,1
rosetti,Positive,2
royal velvet,Negative,27
royal velvet,Neutral,19
royal velvet,Positive,20
rugs,Negative,13
rugs,Neutral,8
rugs,Positive,14
runners,Negative,2
runners,Neutral,1
runners,Positive,5
running,Negative,2
running,Neutral,2
running,Positive,5
rustic,Negative,1
rustic,Positive,3
sale,Negative,688
sale,Neutral,347
sale,Positive,630
salon,Positive,1
samsung,Negative,30
samsung,Neutral,15
samsung,Positive,32
sandals $20-$30,Negative,5
sandals $20-$30,Neutral,9
sandals $20-$30,Positive,10
sandals $30-$40,Negative,1
sandals $30-$40,Positive,2
sandals & flip flops,Negative,58
sandals & flip flops,Neutral,29
sandals & flip flops,Positive,67
sandals over $40,Negative,10
sandals over $40,Neutral,6
sandals over $40,Positive,12
sandals under $20,Negative,7
sandals under $20,Neutral,3
sandals under $20,Positive,8
satchels,Positive,1
sauce & saute pans,Negative,2
sauce & saute pans,Neutral,3
sauce & saute pans,Positive,8
scalp & hair treatment,Negative,9
scalp & hair treatment,Neutral,4
scalp & hair treatment,Positive,13
school uniforms,Negative,55
school uniforms,Neutral,34
school uniforms,Positive,56
scrubs & lab coats,Negative,5
scrubs & lab coats,Neutral,6
scrubs & lab coats,Positive,8
sealy,Positive,2
search-results,Negative,90
search-results,Neutral,49
search-results,Positive,112
sectionals,Neutral,1
sectionals,Positive,2
seiko,Neutral,2
seiko,Positive,2
self-tanner for body,Negative,7
self-tanner for body,Neutral,6
self-tanner for body,Positive,10
self-tanner for face,Negative,1
september's birthstone,Positive,1
serveware,Negative,7
serveware,Neutral,4
serveware,Positive,3
sets,Negative,1
sets,Positive,1
seventeen,Negative,4
seventeen,Neutral,2
seventeen,Positive,3
sexy lingerie,Negative,3
sexy lingerie,Neutral,3
sexy lingerie,Positive,2
shapewear,Negative,13
shapewear,Neutral,10
shapewear,Positive,15
shapewear & girdles,Negative,85
shapewear & girdles,Neutral,47
shapewear & girdles,Positive,67
sheath dresses,Negative,9
sheath dresses,Neutral,5
sheath dresses,Positive,10
sheer curtains,Negative,2
sheer curtains,Neutral,3
sheer curtains,Positive,3
sheets,Negative,10
sheets,Neutral,8
sheets,Positive,11
shift dresses,Positive,1
shirts,Negative,52
shirts,Neutral,27
shirts,Positive,60
shirts & blouses,Negative,15
shirts & blouses,Neutral,12
shirts & blouses,Positive,24
shirts & tees,Negative,16
shirts & tees,Neutral,7
shirts & tees,Positive,17
shirts & tops,Negative,16
shirts & tops,Neutral,4
shirts & tops,Positive,4
shirts and tops,Positive,1
"shoe, handbag & accessories sale",Negative,39
"shoe, handbag & accessories sale",Neutral,13
"shoe, handbag & accessories sale",Positive,46
shoes,Negative,71
shoes,Neutral,40
shoes,Positive,87
shop all characters,Negative,10
shop all characters,Neutral,4
shop all characters,Positive,8
shop all_dummy,Negative,13
shop all_dummy,Neutral,7
shop all_dummy,Positive,12
shop by shoe width,Negative,30
shop by shoe width,Neutral,12
shop by shoe width,Positive,14
shop now,Negative,4
shop now,Neutral,2
shop now,Positive,10
shorts,Negative,123
shorts,Neutral,78
shorts,Positive,127
shorts & capris,Negative,59
shorts & capris,Neutral,33
shorts & capris,Positive,67
shorts & crops,Negative,17
shorts & crops,Neutral,5
shorts & crops,Positive,15
shorts & swim,Negative,19
shorts & swim,Neutral,14
shorts & swim,Positive,23
shorts & swimwear,Negative,1
shoulder bags,Negative,1
shoulder bags,Neutral,1
shoulder bags,Positive,1
shower curtains,Negative,14
shower curtains,Neutral,7
shower curtains,Positive,9
shrugs,Negative,19
shrugs,Neutral,9
shrugs,Positive,10
signature khakis,Negative,3
signature khakis,Positive,5
simplehuman,Negative,1
simplehuman,Positive,2
single serve brewers,Negative,1
single serve brewers,Positive,1
skate shop,Negative,3
skate shop,Neutral,1
skate shop,Positive,2
skechers,Negative,9
skechers,Neutral,4
skechers,Positive,11
skeleton watches,Negative,5
skeleton watches,Neutral,2
skeleton watches,Positive,2
skillets & frying pans,Negative,6
skillets & frying pans,Neutral,4
skillets & frying pans,Positive,6
skincare sets,Negative,7
skincare sets,Neutral,1
skincare sets,Positive,3
skinny,Negative,3
skinny,Neutral,4
skinny,Positive,4
skirts,Negative,28
skirts,Neutral,17
skirts,Positive,31
skirts & scooters,Negative,1
skorts,Negative,2
skorts,Neutral,2
skorts,Positive,2
sleep essentials,Negative,13
sleep essentials,Neutral,9
sleep essentials,Positive,12
sleepwear,Negative,33
sleepwear,Neutral,25
sleepwear,Positive,22
slim fit,Negative,12
slim fit,Neutral,7
slim fit,Positive,17
slim fit tees,Negative,3
slim fit tees,Neutral,2
slim fit tees,Positive,4
slingbacks,Negative,7
slingbacks,Neutral,9
slingbacks,Positive,7
slippers,Negative,12
slippers,Neutral,3
slippers,Positive,7
slips,Negative,3
slips,Neutral,1
slips,Positive,5
slow cookers & warmers,Negative,1
slow cookers & warmers,Neutral,1
slow cookers & warmers,Positive,1
small appliances,Negative,29
small appliances,Neutral,14
small appliances,Positive,27
small sizes 5 1/2 & under,Negative,14
small sizes 5 1/2 & under,Neutral,6
small sizes 5 1/2 & under,Positive,18
small sizes 7 1/2 & under,Negative,6
small sizes 7 1/2 & under,Neutral,2
small sizes 7 1/2 & under,Positive,3
smaller sizes,Negative,17
smaller sizes,Neutral,15
smaller sizes,Positive,32
sneakers,Negative,34
sneakers,Neutral,19
sneakers,Positive,36
socks,Negative,24
socks,Neutral,11
socks,Positive,22
"socks, hosiery & tights",Negative,14
"socks, hosiery & tights",Neutral,10
"socks, hosiery & tights",Positive,12
"socks, leggings & tights",Negative,11
"socks, leggings & tights",Neutral,11
"socks, leggings & tights",Positive,11
sofas,Negative,9
sofas,Positive,3
sofas & sectionals,Negative,2
sofas & sectionals,Positive,1
sofia cultured pearls,Negative,2
sofia cultured pearls,Neutral,1
sofia cultured pearls,Positive,5
sofia the first,Negative,2
sofia the first,Neutral,1
soft pants,Negative,5
soft pants,Neutral,2
soft pants,Positive,6
solitaire rings,Neutral,1
spa tools,Negative,24
spa tools,Neutral,15
spa tools,Positive,9
special occasion,Negative,14
special occasion,Neutral,8
special occasion,Positive,7
special occasion shoes,Negative,14
special occasion shoes,Neutral,10
special occasion shoes,Positive,9
specialty appliances,Negative,3
specialty appliances,Neutral,1
specialty appliances,Positive,3
specialty electrics,Negative,10
specialty electrics,Neutral,4
specialty electrics,Positive,11
speedo,Neutral,1
speedo,Positive,1
spinner luggage,Negative,2
spinner luggage,Neutral,2
spinner luggage,Positive,4
sponges & applicators,Negative,9
sponges & applicators,Neutral,3
sponges & applicators,Positive,10
sport coats,Negative,1
sport coats,Neutral,2
sport coats,Positive,5
sporting goods & outdoor play,Negative,5
sporting goods & outdoor play,Neutral,1
sporting goods & outdoor play,Positive,4
sports apparel,Negative,8
sports apparel,Neutral,3
sports apparel,Positive,10
sports bras,Negative,34
sports bras,Neutral,22
sports bras,Positive,29
spring break shop,Positive,2
st. john's bay,Negative,64
st. john's bay,Neutral,27
st. john's bay,Positive,54
stackable rings,Negative,2
stackable rings,Neutral,3
stackable rings,Positive,2
stafford,Negative,37
stafford,Neutral,18
stafford,Positive,28
star wars,Negative,10
star wars,Neutral,4
star wars,Positive,10
sterling silver & silver plated,Negative,1
sterling silver & silver plated,Positive,1
sterling silver jewelry,Negative,3
sterling silver jewelry,Neutral,3
sterling silver jewelry,Positive,5
sterling silver rings,Negative,1
sterling silver rings,Positive,3
storage & organization,Negative,32
storage & organization,Neutral,19
storage & organization,Positive,25
storage furniture,Negative,4
storage furniture,Positive,2
straight,Negative,28
straight,Neutral,11
straight,Positive,17
strapless & convertible,Negative,6
strapless & convertible,Positive,2
stud earrings,Neutral,2
stud earrings,Positive,2
study essentials,Negative,2
study essentials,Neutral,1
study essentials,Positive,1
stuffed animals,Positive,2
styling products,Negative,1
styling products,Positive,1
stylus,Negative,59
stylus,Neutral,28
stylus,Positive,49
suit separates,Negative,51
suit separates,Neutral,29
suit separates,Positive,56
suited separates,Negative,6
suited separates,Neutral,1
suited separates,Positive,2
suits & separates,Negative,12
suits & separates,Neutral,9
suits & separates,Positive,12
suits & sport coats,Negative,37
suits & sport coats,Neutral,12
suits & sport coats,Positive,34
suits & sportcoats,Negative,27
suits & sportcoats,Neutral,15
suits & sportcoats,Positive,27
suits & suit separates,Negative,3
suits & suit separates,Neutral,2
suits & suit separates,Positive,3
suits and sport coats,Negative,9
suits and sport coats,Neutral,4
suits and sport coats,Positive,6
summer infant,Neutral,1
summer infant,Positive,1
sunbeam,Negative,7
sunbeam,Neutral,4
sunbeam,Positive,6
sundresses,Negative,4
sundresses,Neutral,4
sundresses,Positive,1
sunscreen,Negative,11
sunscreen,Neutral,9
sunscreen,Positive,15
sure fit,Negative,4
sure fit,Positive,2
sweater dresses,Negative,1
sweaters,Negative,54
sweaters,Neutral,31
sweaters,Positive,59
sweaters & cardigans,Negative,60
sweaters & cardigans,Neutral,26
sweaters & cardigans,Positive,41
sweatshirts & hoodies,Negative,4
sweatshirts & hoodies,Neutral,2
sweatshirts & hoodies,Positive,5
swim,Negative,6
swim,Neutral,4
swim,Positive,4
swim bottoms,Positive,1
swim dress,Negative,3
swim dress,Positive,9
swim shirts,Negative,2
swim shirts,Neutral,2
swim shirts,Positive,3
swim shorts,Negative,3
swim shorts,Neutral,1
swim shorts,Positive,3
swim tops,Negative,2
swim tops,Neutral,2
swim trunks,Negative,1
swim trunks,Neutral,1
swimsuits,Negative,20
swimsuits,Neutral,13
swimsuits,Positive,20
swimsuits & cover-ups,Negative,16
swimsuits & cover-ups,Neutral,7
swimsuits & cover-ups,Positive,11
swimwear,Negative,49
swimwear,Neutral,22
swimwear,Positive,35
t-shirt bras,Negative,10
t-shirt bras,Neutral,7
t-shirt bras,Positive,9
t-shirts,Negative,19
t-shirts,Neutral,12
t-shirts,Positive,20
t-shirts & knit tops,Negative,30
t-shirts & knit tops,Neutral,15
t-shirts & knit tops,Positive,22
t-shirts & polos,Negative,1
t-shirts & polos,Positive,1
t-shirts & tanks,Negative,30
t-shirts & tanks,Neutral,9
t-shirts & tanks,Positive,30
table & desk lamps,Negative,4
table & desk lamps,Neutral,5
table & desk lamps,Positive,6
table linens,Negative,8
table linens,Neutral,1
table linens,Positive,12
tables,Neutral,1
tables,Positive,1
tabletop,Negative,5
tabletop,Neutral,4
tabletop,Positive,3
tag free underwear,Negative,3
tag free underwear,Neutral,1
tag free underwear,Positive,4
tall,Negative,5
tall,Neutral,3
tall,Positive,6
tall boots,Negative,2
tall boots,Neutral,4
tall boots,Positive,4
tankinis,Negative,3
tankinis,Positive,1
tanks,Negative,14
tanks,Neutral,3
tanks,Positive,20
tanks & camis,Negative,6
tanks & camis,Neutral,9
tanks & camis,Positive,9
tapout,Positive,1
teen bedding,Negative,15
teen bedding,Neutral,11
teen bedding,Positive,20
teens' rooms,Negative,33
teens' rooms,Neutral,18
teens' rooms,Positive,42
tfal,Positive,1
the bijoux bar @ jcp,Negative,3
the bijoux bar @ jcp,Neutral,2
the christmas shop,Negative,3
the christmas shop,Neutral,2
the essential shop,Negative,2
the essential shop,Positive,1
the foundry supply co.,Negative,5
the foundry supply co.,Neutral,2
the foundry supply co.,Positive,2
the getaway shop,Negative,2
the getaway shop,Neutral,2
the getaway shop,Positive,2
the outdoor shop,Negative,8
the outdoor shop,Neutral,6
the outdoor shop,Positive,12
the vacation shop,Negative,4
the vacation shop,Neutral,6
the vacation shop,Positive,6
the wedding shop,Negative,24
the wedding shop,Neutral,11
the wedding shop,Positive,27
thermal underwear,Negative,1
thermal underwear,Neutral,1
thermal underwear,Positive,2
thermals,Negative,8
thermals,Neutral,7
thermals,Positive,9
thermals & henleys,Negative,11
thermals & henleys,Neutral,2
thermals & henleys,Positive,9
three stone rings,Positive,1
throw rugs & accent rugs,Neutral,1
throw rugs & accent rugs,Positive,1
tie accessories & more,Negative,4
tie accessories & more,Neutral,3
tie accessories & more,Positive,6
ties & accessories,Negative,7
ties & accessories,Neutral,3
ties & accessories,Positive,8
timex,Negative,5
timex,Neutral,1
timex,Positive,3
tinted moisturizer,Negative,4
tinted moisturizer,Neutral,2
tinted moisturizer,Positive,9
toasters & ovens,Negative,8
toasters & ovens,Neutral,6
toasters & ovens,Positive,10
toddler bedding,Negative,2
toddler furniture,Positive,1
top gifts,Negative,13
top gifts,Neutral,6
top gifts,Positive,11
top gifts under $25,Negative,3
top gifts under $25,Neutral,1
top gifts under $25,Positive,4
top gifts under $50,Negative,2
top gifts under $50,Neutral,2
top gifts under $50,Positive,3
top picks,Negative,3
top picks,Neutral,2
top picks,Positive,3
topcoats & overcoats,Negative,3
topcoats & overcoats,Neutral,1
topcoats & overcoats,Positive,1
tops,Negative,146
tops,Neutral,63
tops,Positive,124
tops & t-shirts,Negative,15
tops & t-shirts,Neutral,10
tops & t-shirts,Positive,14
tops & tees,Negative,6
tops & tees,Neutral,2
tops & tees,Positive,4
"tops,tanks & camis",Negative,2
"tops,tanks & camis",Neutral,5
"tops,tanks & camis",Positive,2
total girl,Negative,2
total girl,Neutral,3
total girl,Positive,5
totes,Negative,4
totes,Neutral,1
totes,Positive,2
tough duck,Negative,4
tough duck,Neutral,1
tough duck,Positive,3
track-arm,Positive,1
training,Negative,13
training,Neutral,4
training,Positive,4
travel & coffee mugs,Negative,1
travel accessories,Negative,4
travel accessories,Neutral,1
travel accessories,Positive,5
trending now,Negative,9
trending now,Neutral,2
trending now,Positive,8
trendy  tops,Positive,1
trendy collections,Negative,1
trendy collections,Positive,3
trendy dresses,Negative,3
trendy dresses,Positive,1
trendy plus,Negative,5
trendy plus,Neutral,3
trendy plus,Positive,9
trendy sweaters,Negative,1
trendy tops,Negative,7
trendy tops,Neutral,4
trendy tops,Positive,10
trimshaper,Negative,7
trimshaper,Neutral,1
trimshaper,Positive,4
tunic,Negative,5
tunic,Positive,1
tuxedos & formal wear,Negative,3
tuxedos & formal wear,Neutral,2
tuxedos & formal wear,Positive,5
twin load washers,Negative,4
twin load washers,Neutral,3
twin load washers,Positive,3
twin mattresses,Negative,2
twin mattresses,Neutral,3
u.s. polo assn.,Negative,1
umbra,Positive,1
umbrellas & covers,Negative,1
umbrellas & covers,Neutral,1
umbrellas & covers,Positive,1
under $10,Negative,22
under $10,Neutral,16
under $10,Positive,15
under $100,Negative,1
under $20,Negative,2
under $20,Neutral,3
under $20,Positive,4
under $20 boots,Negative,2
under $20 boots,Positive,5
under $25,Negative,61
under $25,Neutral,25
under $25,Positive,53
under $30,Negative,6
under $30,Neutral,2
under $30,Positive,4
under $50,Negative,55
under $50,Neutral,38
under $50,Positive,58
underwear,Negative,17
underwear,Neutral,5
underwear,Positive,12
underwear & socks,Negative,80
underwear & socks,Neutral,48
underwear & socks,Positive,72
underwire bras,Negative,21
underwire bras,Neutral,12
underwire bras,Positive,22
vacuums & floorcare,Negative,56
vacuums & floorcare,Neutral,29
vacuums & floorcare,Positive,51
valances,Negative,17
valances,Neutral,8
valances,Positive,23
valentine's day,Negative,1
valentine's day,Positive,1
value & gift sets,Negative,2
value & gift sets,Neutral,3
value & gift sets,Positive,3
value sets,Negative,17
value sets,Neutral,7
value sets,Positive,19
van heusen,Neutral,2
van heusen,Positive,3
vanity fair,Negative,1
vanity fair,Neutral,1
vanity fair,Positive,6
vans,Negative,2
vest,Negative,4
vest,Neutral,1
vest,Positive,3
vests,Negative,7
vests,Neutral,6
vests,Positive,8
view all,Negative,759
view all,Neutral,381
view all,Positive,750
view all Stafford,Negative,32
view all Stafford,Neutral,7
view all Stafford,Positive,20
view all accessories,Negative,32
view all accessories,Neutral,20
view all accessories,Positive,28
view all active,Negative,20
view all active,Neutral,14
view all active,Positive,30
view all adidas,Negative,3
view all adidas,Neutral,3
view all adidas,Positive,5
view all arizona,Negative,24
view all arizona,Neutral,10
view all arizona,Positive,21
view all baby gear,Negative,5
view all baby gear,Neutral,3
view all baby gear,Positive,5
view all baby toddler clothing,Negative,4
view all baby toddler clothing,Neutral,1
view all baby toddler clothing,Positive,3
view all bath & shower,Positive,1
view all bedding,Negative,39
view all bedding,Neutral,15
view all bedding,Positive,48
view all bedroom furniture,Negative,5
view all bedroom furniture,Neutral,6
view all bedroom furniture,Positive,4
view all big & tall shirts,Negative,13
view all big & tall shirts,Neutral,6
view all big & tall shirts,Positive,11
view all big & tall underwear & socks,Neutral,3
view all big & tall underwear & socks,Positive,5
view all big & tall workout clothes,Negative,5
view all big & tall workout clothes,Neutral,3
view all big & tall workout clothes,Positive,1
view all boys 4-7,Negative,5
view all boys 4-7,Neutral,1
view all boys 4-7,Positive,3
view all boys 8-20,Negative,5
view all boys 8-20,Neutral,1
view all boys 8-20,Positive,7
view all brands,Negative,632
view all brands,Neutral,325
view all brands,Positive,627
view all clothing,Negative,45
view all clothing,Neutral,17
view all clothing,Positive,34
view all coats,Negative,2
view all coats,Neutral,1
view all coats,Positive,5
view all collections,Negative,5
view all collections,Neutral,2
view all collections,Positive,1
view all cook & dine,Negative,36
view all cook & dine,Neutral,16
view all cook & dine,Positive,25
view all decor,Negative,3
view all decor,Neutral,3
view all decor,Positive,10
view all diamond jewelry,Negative,1
view all dining & entertaining,Negative,8
view all dining & entertaining,Neutral,3
view all dining & entertaining,Positive,11
view all dockers,Negative,12
view all dockers,Neutral,5
view all dockers,Positive,7
view all eye makeup,Negative,1
view all eye makeup,Neutral,3
view all eye makeup,Positive,5
view all face makeup,Negative,5
view all face makeup,Neutral,1
view all face makeup,Positive,3
view all fine jewelry,Negative,2
view all fine jewelry,Neutral,2
view all fine jewelry,Positive,4
view all furniture,Negative,18
view all furniture,Neutral,4
view all furniture,Positive,9
"view all gadgets, games & outdoor",Negative,4
"view all gadgets, games & outdoor",Neutral,2
"view all gadgets, games & outdoor",Positive,2
view all gemstones,Negative,7
view all gemstones,Positive,5
view all golf apparel,Negative,8
view all golf apparel,Neutral,3
view all golf apparel,Positive,4
view all graphic tees,Negative,1
view all guys,Negative,18
view all guys,Neutral,8
view all guys,Positive,33
view all guys clearance,Negative,6
view all guys clearance,Neutral,4
view all guys clearance,Positive,7
view all guys levis,Negative,16
view all guys levis,Neutral,10
view all guys levis,Positive,21
view all guys shirts,Negative,20
view all guys shirts,Neutral,3
view all guys shirts,Positive,15
view all guys underwear & socks,Negative,15
view all guys underwear & socks,Neutral,6
view all guys underwear & socks,Positive,13
view all handbags & wallets,Negative,3
view all handbags & wallets,Positive,4
view all hoodies & sweatshirts,Negative,13
view all hoodies & sweatshirts,Neutral,8
view all hoodies & sweatshirts,Positive,18
view all jeans,Negative,14
view all jeans,Neutral,7
view all jeans,Positive,14
view all kids & teens rooms,Negative,18
view all kids & teens rooms,Neutral,9
view all kids & teens rooms,Positive,24
view all kitchen,Negative,23
view all kitchen,Neutral,11
view all kitchen,Positive,17
view all kitchen & dining furniture,Negative,1
view all kitchen & dining furniture,Positive,1
view all lee,Negative,1
view all lee,Neutral,2
view all lee,Positive,6
view all lip treatments,Negative,1
view all lip treatments,Neutral,4
view all lip treatments,Positive,5
view all living room furniture,Negative,2
view all living room furniture,Neutral,2
view all living room furniture,Positive,1
view all luggage,Negative,10
view all luggage,Neutral,5
view all luggage,Positive,11
view all maternity,Negative,5
view all maternity,Neutral,2
view all maternity,Positive,1
view all men's watches,Negative,1
view all men's watches,Positive,1
view all mens clearance,Negative,10
view all mens clearance,Neutral,6
view all mens clearance,Positive,20
view all mens shirts,Negative,22
view all mens shirts,Neutral,8
view all mens shirts,Positive,12
view all mens shorts,Negative,6
view all mens shorts,Neutral,4
view all mens shorts,Positive,9
view all moisturizers,Negative,5
view all moisturizers,Neutral,2
view all moisturizers,Positive,3
view all nike apparel,Negative,2
view all nike apparel,Neutral,1
view all nike apparel,Positive,5
view all panties,Negative,9
view all panties,Neutral,6
view all panties,Positive,9
view all pants,Negative,15
view all pants,Neutral,4
view all pants,Positive,9
view all petite,Negative,29
view all petite,Neutral,21
view all petite,Positive,46
view all rings,Neutral,1
view all rings,Positive,2
view all sale,Negative,46
view all sale,Neutral,24
view all sale,Positive,55
view all scarves & wraps,Negative,3
view all scarves & wraps,Neutral,2
view all scarves & wraps,Positive,1
view all shorts,Negative,8
view all shorts,Neutral,1
view all shorts,Positive,7
view all suits & sport coats,Negative,7
view all suits & sport coats,Neutral,2
view all suits & sport coats,Positive,5
view all t-shirts,Negative,1
view all t-shirts,Neutral,2
view all t-shirts,Positive,4
view all ties & accessories,Negative,2
view all ties & accessories,Neutral,1
view all ties & accessories,Positive,3
view all toddler girls 2t-5t,Negative,2
view all toddler girls 2t-5t,Neutral,1
view all toddler girls 2t-5t,Positive,5
view all toys,Negative,16
view all toys,Neutral,6
view all toys,Positive,11
view all treatments,Negative,8
view all treatments,Neutral,3
view all treatments,Positive,10
view all watches,Negative,5
view all watches,Neutral,3
view all watches,Positive,4
view all women's,Neutral,2
view all women's watches,Negative,2
vintage chic,Negative,5
vintage chic,Neutral,2
vintage chic,Positive,2
wall decor,Negative,5
wall decor,Neutral,4
wall decor,Positive,9
wall ovens,Negative,7
wall ovens,Neutral,8
wall ovens,Positive,17
wallets,Negative,4
wallets,Neutral,2
wallets,Positive,7
wallets & accessories,Negative,3
wallets & accessories,Positive,1
wallets & wristlets,Negative,1
wallets & wristlets,Neutral,2
wallets & wristlets,Positive,1
washable rugs,Negative,33
washable rugs,Neutral,10
washable rugs,Positive,35
watches,Neutral,1
watches under $100,Negative,4
watches under $100,Neutral,3
watches under $100,Positive,4
wear to work,Negative,25
wear to work,Neutral,9
wear to work,Positive,25
wear to work pants,Negative,4
wear to work pants,Neutral,1
wear to work pants,Positive,3
wedding,Negative,18
wedding,Neutral,7
wedding,Positive,24
wedding bands,Negative,5
wedding bands,Neutral,1
wedding bands,Positive,1
wedding dresses,Negative,1
wedding dresses,Positive,1
wedding guest dresses,Negative,12
wedding guest dresses,Neutral,6
wedding guest dresses,Positive,5
wedge boots,Negative,3
wedge boots,Neutral,2
wedge boots,Positive,3
wedge sandals,Negative,15
wedge sandals,Neutral,4
wedge sandals,Positive,9
wedges,Negative,11
wedges,Neutral,7
wedges,Positive,13
weekend wear,Negative,1
wide calf boots,Negative,17
wide calf boots,Neutral,7
wide calf boots,Positive,20
wide width shoes,Negative,33
wide width shoes,Neutral,10
wide width shoes,Positive,25
wide widths,Negative,22
wide widths,Neutral,9
wide widths,Positive,30
wides,Negative,32
wides,Neutral,13
wides,Positive,31
window,Negative,1
window,Neutral,3
window treatments,Negative,54
window treatments,Neutral,26
window treatments,Positive,42
windows,Positive,1
wine & bar accessories,Negative,1
wine & bar accessories,Neutral,2
winter & rain boots,Negative,4
winter & rain boots,Positive,1
"winter hats, scarves, gloves",Negative,4
wireless bras,Negative,16
wireless bras,Neutral,7
wireless bras,Positive,13
women,Negative,33
women,Neutral,23
women,Positive,29
women's apparel,Negative,7
women's apparel,Positive,3
women's clothing,Negative,29
women's clothing,Neutral,10
women's clothing,Positive,16
women's coats & jackets,Negative,19
women's coats & jackets,Neutral,8
women's coats & jackets,Positive,15
women's cold weather accessories,Negative,16
women's cold weather accessories,Neutral,4
women's cold weather accessories,Positive,6
women's graphic tees,Negative,3
women's graphic tees,Neutral,1
women's graphic tees,Positive,2
women's jeans,Negative,18
women's jeans,Neutral,11
women's jeans,Positive,21
women's pants,Negative,47
women's pants,Neutral,25
women's pants,Positive,42
women's shoes,Negative,4
women's shoes,Neutral,2
women's shoes,Positive,4
women's shorts,Negative,10
women's shorts,Neutral,4
women's shorts,Positive,11
women's sleepwear,Negative,32
women's sleepwear,Neutral,13
women's sleepwear,Positive,30
women's sweaters,Negative,8
women's sweaters,Neutral,4
women's sweaters,Positive,4
women's swimwear,Negative,21
women's swimwear,Neutral,17
women's swimwear,Positive,23
women's watches,Negative,5
women's watches,Neutral,1
women's watches,Positive,3
womens,Negative,27
womens,Neutral,13
womens,Positive,18
womens scrubs & workwear,Negative,18
womens scrubs & workwear,Neutral,1
womens scrubs & workwear,Positive,11
womens sneakers,Negative,7
womens sneakers,Neutral,2
womens sneakers,Positive,3
wool blend coats,Negative,4
wool blend coats,Neutral,1
wool blend coats,Positive,3
wool coats,Negative,5
wool coats,Neutral,1
wool coats,Positive,5
work boots,Negative,4
work boots,Positive,1
work shoes,Negative,18
work shoes,Neutral,11
work shoes,Positive,16
workout clothes,Negative,32
workout clothes,Neutral,21
workout clothes,Positive,37
workwear & scrubs,Negative,4
workwear & scrubs,Neutral,1
workwear & scrubs,Positive,3
workwear shirts,Negative,5
workwear shirts,Neutral,6
workwear shirts,Positive,6
workwear t-shirts,Negative,3
workwear t-shirts,Neutral,1
workwear t-shirts,Positive,6
worthington,Negative,39
worthington,Neutral,21
worthington,Positive,41
wrangler,Neutral,2
wrangler,Positive,1
xersion,Negative,40
xersion,Neutral,22
xersion,Positive,33
yoga,Negative,1
yoga,Neutral,2
yoga,Positive,2
young men,Negative,3
young men,Neutral,2
young men,Positive,1
zeroxposur,Negative,6
zeroxposur,Neutral,5
zeroxposur,Positive,7
zoo york,Negative,3
zoo york,Neutral,1
zoo york,Positive,2
