name_title,brand,category,sale_price
nicole by Nicole Miller® Self Trim Tank Top and Pintuck Slim Fit Ankle Pants,Nicole By Nicole Miller,wear to work,56.8
"St. John's Bay® Chambray Anorak Jacket, 3/4-Sleeve Lace-Hem Top or Straight Leg Jeans",St. John's Bay,outfits you'll love,42.29
John Deere® Camo Reversible Comforter & Accessories,John Deere,all brands,
St. John's Bay® Long-Shirt Camp Shirt and Secretly Slender Denim Capris,St. John's Bay,outfits you'll love,
a.n.a® Denim Jacket V-Neck Tee or Maxi Skirt - Tall,A.N.A,a.n.a.,
Van Heusen® No-Iron Lux Sateen Dress Shirt and Tie Combo,Van Heusen,,29.0
Ruffle Power Bath Collection,Asstd National Brand,closeouts,
Star Wars Twin/Full Reversible Comforter + BONUS Sham Collection,STAR WARS,linens,
St. John's Bay® Sleeveless Blouse or Bermuda Shorts,St. John's Bay,outfits you'll love,23.64
"i jeans by Buffalo Cozy Vest, Screen Tank Top or Skinny Bermuda Shorts",I JEANS BY BUFFALO,i jeans by buffalo,
St. John's Bay® Long-Sleeve Camp Shirt and Short-Sleeve Crewneck Tee,St. John's Bay,outfits you'll love,
Alfred Dunner® All Aboard 3/4-Sleeve Two-For-One Sweater or Pull-On Pants,Alfred Dunner,alfred dunner,
Certified International Bistro Chef Dinnerware Collection,Certified International,kitchen & dining,
St. John's Bay® Sleeveless Blouse or Bermuda Shorts,St. John's Bay,outfits you'll love,24.16
St. John's Bay® Ikat Sharkbite Tank Top or Denim Capris,St. John's Bay,st. john's bay,52.03
Renaissance 7-Drawer Dresser or Mirror,Top Line,dressers & nightstands,
Home Expressions™ Microfiber Sheet Set,Home Expressions,EXPLORE THE CATALOG,
Home Expressions™ Lynette Embroidered Daybed Cover & Accessories,Home Expressions,quilts,
JF J. Ferrar® Boxweave Slim-Fit Suit Separates,JF J.Ferrar,suits and sport coats,
Home Expressions™ Microfiber Sheet Set,Home Expressions,sale,
nickelodeon Teenage Mutant Ninja Turtles Twin/Full Reversible Comforter + BONUS Sham Collection,Nickelodeon,linens,
Lamont Home® Woven Jacquard Bedspread & Accessories,LAMONT HOME,comforters,
Home Expressions™ Hailey Daybed Cover & Accessories,Home Expressions,home expressions,
Stylus™ Cold-Shoulder T-Shirt or Skinny Ankle Jeans,STYLUS,sale,
JF J. Ferrar® Tuxedo Separates - Slim,JF J.Ferrar,the wedding shop,
"Liz Claiborne® Long-Sleeve Swing Printed Jacket, Short-Sleeve Sweater or Ankle Pants",LIZ CLAIBORNE,outfits you'll love,
Stylus™ Flutter-Sleeve Boho Top or Twill Bermuda Shorts - Tall,STYLUS,outfits you'll love,
Home Expressions™ 200tc Cotton-Rich Sheet Set,Home Expressions,view all kids & teens rooms,
JF J. Ferrar® Tuxedo Separates - Super Slim Fit,JF J.Ferrar,"groom, groomsmen & fathers",
Liz Claiborne® Butterfly-Back Shirt or Essential Jeans,LIZ CLAIBORNE,outfits you'll love,
Almost Famous Lace Up Hooded Hacci And Dc Hirise Cut Off Short,Decree,outfits you'll love,
"I 'Heart' Ronson® Leopard Print Sweatshirt, Print Blouse or Boyfriend Jeans",I Heart Ronson,outfits you'll love,36.25
Worthington® Belted Peplum Shirt or Curvy Fit Pants - Tall,WORTHINGTON,outfits you'll love,
nicole by Nicole Miller® Cold-Shoulder Burnout Top or Slim-Fit Ankle Pants,Nicole By Nicole Miller,outfits you'll love,55.7
St. John's Bay® Camp Shirt or Twill Capris - Tall,St. John's Bay,outfits you'll love,
JF J. Ferrar® Tuxedo Separates - Slim,JF J.Ferrar,suits and sport coats,
nicole by Nicole Miller® Burnout Tank Top or Shorts,Nicole By Nicole Miller,outfits you'll love,
600tc Easy Care Solid Sheet Set,Asstd National Brand,sheets,
Worthington® Sleeveless Peplum Blouse or Ankle Pants - Plus,WORTHINGTON,worthington,26.58
Worthington® Ruffle Halter Blouse or Ankle Pants - Tall,WORTHINGTON,outfits you'll love,30.2
Liz Claiborne® Sleeveless Lace-Front Ombre Shell Top or Millennium Pull-On Pants - Petite,LIZ CLAIBORNE,outfits you'll love,
Park B. Smith Provencial Rooster Rod-Pocket Kitchen Curtains,Park B Smith,curtains & drapes,
Liz Claiborne® Short-Sleeve Lace Yoke Tee or Stretch Twill Shorts,LIZ CLAIBORNE,view all,
"IZOD® Shirt and Tie, Blazer, Pants, Belt or Gold Toe® Socks – Boys",Izod,izod,
St. John's Bay® Long-Sleeve Camp Shirt and Short-Sleeve Crewneck Tee,St. John's Bay,sale,
Liz Claiborne® 400tc Ultra Fine Sateen Sheet Set,LIZ CLAIBORNE,liz claiborne,
Royal Velvet® Matte Satin Square 3-pc. Coverlet Set & Accessories,ROYAL VELVET,view all,
Worthington® Peasant Blouse or Sateen Bermuda Shorts,WORTHINGTON,sale,
St. John's Bay® Beaded-Inset Embroidered Tank or Wide-Leg Linen Pants - Tall,St. John's Bay,outfits you'll love,
Skyway® Nimbus 2.0 Hardside Expandable Spinner Upright Luggage Collection,SKYWAY,hardside luggage,
St. John's Bay® Sleeveless Blouse or Bermuda Shorts,St. John's Bay,outfits you'll love,24.16
Alfred Dunner® Lavender Fields Layered Top or Pull-On Pants,Alfred Dunner,outfits you'll love,
St. John's Bay® Embellished Tank or Linen Pants - Tall,St. John's Bay,st. john's bay,14.18
Hanes® Perfect Coverage Wireless Bra - HU08,HANES,lingerie,20.09
I 'Heart' Ronson® 3/4 Gingham Bardot Jersey Top and Boyfried Jean,I Heart Ronson,outfits you'll love,
Croscill Classics® Delano 4-pc. Comforter Set & Accessories,Croscill Classics,view all,
Croscill Classics® Madeline 4-pc. Comforter Set & Accessories,Croscill Classics,view all,
Arizona Low Armhole Swing Tank or Embroidered Raw Hem Denim Shorts,ARIZONA,outfits you'll love,11.82
Waverly® Charleston Chirp Papaya Quilt Set & Accessories,Waverly,quilts,219.96
Stafford® Executive Super 130 Navy Pinstripe Suit Separates – Big & Tall,STAFFORD,suits & sport coats,59.12
Lojel Streamline Spinner Upright Luggage Collection,Asstd National Brand,family travel,
Bisou Bisou® Tiered Tank Top and Flare Double Waistband Pants,Bisou Bisou,bisou bisou,
Kate Rod-Pocket Kitchen Curtains,Asstd National Brand,kitchen curtains,
Jayden Kitchen Curtains,Asstd National Brand,kitchen curtains,
Bisou Bisou® Off-The-Shoulder Top or Asymmetrical Lace Pencil Skirt - Plus,Bisou Bisou,bisou bisou,39.87
LG Super Capacity French-Door 4-pc. Kitchen Package- Stainless Steel,LG,lg,5212.77
Collection by Michael Strahan Black White Birdseye Suit Separates - Classic Fit,COLLECTION,suit separates,
Alfred Dunner® Lavender Fields Layered Top or Pull-On Pants,Alfred Dunner,outfits you'll love,
"Steve Harvey® Shirt & Clip Tie, Deco Plaid Vest, IZOD® Pants or Gold Toe® Socks",Izod,the wedding shop,
"Graphic Tee, Levi's® Jeans, Arizona Moto Jacket or Belt – Boys",Levi,the wedding shop,
LG ENERGY STAR® Ultra Capacity French-Door 4-pc. Kitchen Package- Stainless Steel,LG,lg,4393.35
Croscill Classics® Grand Isle 4-pc. Jacquard Comforter Set & Accessories,Croscill Classics,bedding sets,
Savile Row® Black Suit Separates - Slim,THE SAVILE ROW CO,suits and sport coats,
a.n.a® Battenburg Bottom Tank Top and Roll-Cuff Skinny Ankle Jeans,A.N.A,a.n.a.,
Harbor House Belcourt 3-pc. Duvet Cover Set & Accessories,HARBOR HOUSE,duvets,
JCPenney Home™ Cotton Classics Ruffle Quilt & Accessories,JCP HOME,teens' rooms,
Stylus™ Short-Sleeve Cold-Shoulder Tee or Boyfriend Denim Cropped Pants - Plus,STYLUS,stylus,
JF J. Ferrar® End on End Suit Separates - Slim Fit,JF J.Ferrar,guys prom shop,
Liz Claiborne® Stripe Tank Top or Cropped Pants,LIZ CLAIBORNE,liz claiborne,
Alfred Dunner® Acapulco Short-Sleeve Burnout Top or Capris,Alfred Dunner,alfred dunner,
Alfred Dunner® Acapulco Short-Sleeve Print Layered Top or Capris,Alfred Dunner,alfred dunner,
Stylus™ High-Low T-Shirt or Skinny Ankle Jeans,STYLUS,outfits you'll love,
Collection by Michael Strahan Black White Birdseye Suit Separates - Classic Fit,COLLECTION,collection by michael strahan,
Croscill Classics® Madeline 4-pc. Comforter Set & Accessories,Croscill Classics,luminaire,
Avanti Galaxy Silver Bath Collection,Avanti,linens,
Stafford® Travel Medium Blue Suit Separates - Classic Fit,STAFFORD,essentials,
a.n.a® Long-Sleeve Cinched-Waist Blouse or Roll-Cuff Skinny Ankle Jeans - Petite,A.N.A,outfits you'll love,
Maidenform Custom Lift Tailored Demi T-Shirt Bra or Dream Boyshorts,Maidenform,lingerie sets,
Lamont Home® Woven Jacquard Bedspread & Accessories,LAMONT HOME,quilts & bedspreads,
Croscill Classics® Grand Isle 4-pc. Jacquard Comforter Set & Accessories,Croscill Classics,bedding sets,
By & By Layered Ruffle Tank Top with Blazer or Tropical Pants,BY AND BY,outfits you'll love,
Made for Life™ Quick-Dri Performance Tee or French Terry Shorts,Made For Life,outfits you'll love,
Stafford® Executive Super 100 Wool Suit Separates - Classic,STAFFORD,stafford,
Worthington® Metal Detail Tunic Top or Sateen Skirt,WORTHINGTON,outfits you'll love,
St. John's Bay® 3/4-Sleeve Embroidered Tunic or Secretly Slender Bermuda Shorts,St. John's Bay,sale,
Alfred Dunner® Picture Perfect Ruffled Top or Pull-On Pants,Alfred Dunner,outfits you'll love,
"St. John's Bay® Flyaway Cardigan, Camp Shirt or Secretly Slender Cropped Pants",St. John's Bay,outfits you'll love,
Stylus™ Short-Sleeve Peasant Top or Skinny Jeans,STYLUS,view all brands,
Patchwork Soft Tank,LIZ CLAIBORNE,by & by,
Danbury Furniture Collection,FURNITURE PRIVATE BRAND,view all collections,
1/10 CT. T.W. Diamond 10k White Gold Jewelry,FINE JEWELRY,matching jewelry,331.6
1/10 CT. T.W. Diamond Sideways Cross Sterling Silver Jewelry,FINE JEWELRY,matching jewelry,90.63
Made for Life™ Sleeveless Yoga Top or Yoga Capris,Made For Life,outfits you'll love,
Liz Claiborne® Flutter-Sleeve Lace Top or Cropped Pants - Plus,LIZ CLAIBORNE,outfits you'll love,
Worthington® Contrast Yoke Knit Tank or Spliced Flare Skirt - Plus,WORTHINGTON,outfits you'll love,33.1
Alyx® Long-Sleeve Crochet Woven Top or Printed Maxi Skirt,Alyx,trendy collections,
Ambrielle® Embroidered Balconette Bra or Hipster Panties,Ambrielle,lingerie sets,
nicole by Nicole Miller® Self Trim Tank Top and Pintuck Slim Fit Ankle Pants,Nicole By Nicole Miller,outfits you'll love,35.46
St. John's Bay® Ruffle Tank Top or Secretly Slender Crop Pants,St. John's Bay,outfits you'll love,
Alfred Dunner® Weekend Oasis Cap-Sleeve Textured Tie-Front Top Or Capris,Alfred Dunner,outfits you'll love,
"Xersion™ Studio Tulip Tank Top, Caged Back Sports Bra or Print Compression Capris",Xersion,,
Alfred Dunner® 3/4-Sleeve Floral Print Top or Pull-On Pants - Plus,Alfred Dunner,alfred dunner,
Liz Claiborne® Sleeveless Side Lace-Up Top or Emma Cropped Ankle Pants - Plus,LIZ CLAIBORNE,liz claiborne,
Worthington® Cold Shoulder Ruffle Blouse or Slim-Fit Ankle Pants,WORTHINGTON,outfits you'll love,
"Worthington® Vest, Sharkbite Top or Ankle Pants",WORTHINGTON,worthington,
Leanore Kitchen Curtains,Asstd National Brand,kitchen curtains,75.8
Saville Row® White Tuxedo - Slim Fit,THE SAVILE ROW CO,the wedding shop,47.29
Worthington® Pleat-Back Tunic Top or Ankle Pants - Plus,WORTHINGTON,worthington,29.55
Stafford® Classic Tuxedo,STAFFORD,sale,
a.n.a® Handkerchief Tank Top or Boyfriend Denim Shorts - Plus,A.N.A,outfits you'll love,
Boys School Uniform Outfit - Boys 4-7,Izod,the wedding shop,
Stafford® Travel Suit Separates - Big & Tall,STAFFORD,suited separates,
Stylus™ 3/4-Sleeve Popover Blouse or Skinny Ankle Jeans - Petities,STYLUS,outfits you'll love,33.83
St. John's Bay® 3/4-Sleeve Embroidered Tunic or Secretly Slender Denim Capris,St. John's Bay,sale,
"a.n.a® Cargo Anorak Jacket, Split-Back Button-Front Shirt or Skinny Ankle Jeans",A.N.A,a.n.a,
St. John's Bay® 3/4 Sleeve Vneck Peasant Shirt and Secretley Slender Denim Capri Pant,St. John's Bay,st. john's bay,
St. John's Bay® Ruffle Tank Top or Secretly Slender Crop Pants,St. John's Bay,st. john's bay,
"Xersion™ Quick-Dri Tank Top, Sports Bra, Go Swiftly Vest or Compression Capris",Xersion,xersion,
LG ENERGY STAR® Ultra Capacity French-Door 4-pc. Kitchen Package- Stainless Steel,LG,kitchen packages,4299.66
Reese Teen Bedroom Collection,South Shore,bedroom sets,
Retro Chic Cotton Striped Daybed Cover & Accessories,Asstd National Brand,comforters & bedding sets,
Stafford® Travel Suit Separates,STAFFORD,suits & sport coats,
Outdoor Oasis™ Wicker Double Outdoor Cushion Collection,OUTDOOR OASIS,cushions & pillows,47.43
Savile Row® Black Suit Separates - Slim,THE SAVILE ROW CO,suits and sport coats,
Stylus™ Mixed Media Tank Top or Crop Jeans,STYLUS,stylus,21.27
Samsung French Door 4- pc. Kitchen Package,Samsung,energy efficient & blackout,3368.73
a.n.a® Peplum Tank Top or Cuffed Denim Bermuda Shorts,A.N.A,a.n.a.,
Harmony Hampers Collection,Asstd National Brand,bathroom accessories,
Stafford® Travel Charcoal Suit Separates - Classic,STAFFORD,suits & sportcoats,
Home Expressions™ Hailey Daybed Cover & Accessories,Home Expressions,bedspreads,
Liz Claiborne® Split Neck Ruffle Tank Top or Cuffed Cropped Pants,LIZ CLAIBORNE,outfits you'll love,
Samsung Side-by-Side Kitchen Package- Stainless Steel,Samsung,kitchen packages,2541.03
Stylus™ Pleated Tank Top with Ball Trim or Denim Bermuda Shorts,STYLUS,stylus,
Samsung French Door Kitchen Package- Stainless Steel,Samsung,kitchen packages,3132.25
"Disney Collection Olaf Backpack, Lunchbox, Notebook or Pencil Box",DISNEY,bags and backpacks,
Worthington® Sleeveless Mesh Inset Peplum Top or Side Slit Pencil Skirt - Petite,WORTHINGTON,outfits you'll love,
Arizona Cargo Jacket or Belted Dress,ARIZONA,outfits you'll love,
Liz Claiborne® Sleeveless Ruffle Blouse or Emma Ankle Pants - Plus,LIZ CLAIBORNE,outfits you'll love,31.93
Vanity Fair® Full-Figure Back-Smoother Bra or Lace Panties,Vanity Fair,lingerie sets,
St. John's Bay® Short-Sleeve T-Shirt or Cargo Bermuda Shorts - Plus,St. John's Bay,st. john's bay,
Austin Youth Bedroom Collection,FURNITURE PRIVATE BRAND,beds & bedroom sets,
Vanity Fair® Full-Figure Back-Smoother Bra or Lace Panties,Vanity Fair,buy more and save,
"St. John's Bay® Anorak Jacket, Lace-Yoke T-Shirt or Bootcut Jeans",St. John's Bay,outfits you'll love,
Sutton Place Antique Satin Window Treatments,Asstd National Brand,clearance,
Home Expressions™ Microfiber Twin XL Sheet Set,Home Expressions,teens' rooms,
Stafford® Travel Medium Blue Suit Separates - Classic Fit,STAFFORD,essentials,
JF J. Ferrar® Stretch Gabardine Suit Separates - Slim Fit,JF J.Ferrar,essentials,
